sequence	v_call	d_call	j_call	junction	counts	freqs
gaggtgcagctggtggagtccgggggaggcttagttcagcctggggggtccctgagactctcctgtgcagcctctggattcaccttcagtagctactggatgcactgggtccgccaagctccagggaaggggctggtgtgggtctcacgtattaatagtgatgggagtagcacaagctacgcggactccgtgaagggccgattcaccatctccagagacaacgccaagaacacgctgtatctgcaaatgaacagtctgagagccgaggacacggctgtgtattactgtgcaagagacgtcggtgggagctactactttgactactggggccaaggaaccctggtcaccgtctcctca	IGHV3-74	IGHD1-26	IGHJ4	tgtgcaagagacgtcggtgggagctactactttgactactgg	1000	0.4149377593361
caggttcagctggtgcagtctggagctgaggtgaagaagcctggggcctcagtgaaggtctcctgcaaggcttctggttacacctttaccagctatggtatcagctgggtgcgacaggcccctggacaagggcttgagtggatgggatggatcagcgcttacaatggtaacacaaactatgcacagaagctccagggcagagtcaccatgaccacagacacatccacgagcacagcctacatggagctgaggagcctgagatctgacgacacggccgtgtattactgtgcgagagaggggatggtgagcaactggttcgactcctggggccaaggaaccctggtcaccgtctcctca	IGHV1-18	IGHD4-17	IGHJ5	tgtgcgagagaggggatggtgagcaactggttcgactcctgg	354	0.146887966804979
caggtgcagctggtgcagtctggggctgaggtgaagaagcctgggtcctcggtgaaggtctcctgcaaggcttctggaggcaccttcagcagctatgctatcagctgggtgcgacaggcccctggacaagggcttgagtggatgggagggatcatccctatctttggtacagcaaactacgcacagaagttccagggcagagtcacgattaccgcggacgaatccacgagcacagcctacatggagctgagcagcctgagatctgaggacacggccgtgtattactgtgcgagatctactatgatagtagtggactactttgactactggggccaaggaaccctggtcaccgtctcctca	IGHV1-69	IGHD3-22	IGHJ4	tgtgcgagatctactatgatagtagtggactactttgactactgg	192	0.0796680497925311
caggtgcagctacagcagtggggcgcaggactgttgaagccttcggagaccctgtccctcacctgcgctgtctatggtgggtccttcagtggttactactggagctggatccgccagcccccagggaaggggctggagtggattggggaaatcaatcatagtggaagcaccaactacaacccgtccctcaagagtcgagtcaccatatcagtagacacgtccaagaaccagttctccctgaagctgagctctgtgaccgccgcggacacggctgtgtattactgtgcgagaggtgactacggtggtaactcctttgactactggggccaaggaaccctggtcaccgtctcctca	IGHV4-34	IGHD4-23	IGHJ4	tgtgcgagaggtgactacggtggtaactcctttgactactgg	125	0.0518672199170125
caggtgcagctggtgcagtctggggctgaggtgaagaagcctgggtcctcggtgaaggtctcctgcaaggcttctggaggcaccttcagcagctatgctatcagctgggtgcgacaggcccctggacaagggcttgagtggatgggagggatcatccctatctttggtacagcaaactacgcacagaagttccagggcagagtcacgattaccgcggacgaatccacgagcacagcctacatggagctgagcagcctgagatctgaggacacggccgtgtattactgtgcgaattgtagtagtaccagctgctattggttcgactcctggggccaaggaaccctggtcaccgtctcctca	IGHV1-69	IGHD2-2	IGHJ5	tgtgcgaattgtagtagtaccagctgctattggttcgactcctgg	89	0.0369294605809129
caggttcagctggtgcagtctggagctgaggtgaagaagcctggggcctcagtgaaggtctcctgcaaggcttctggttacacctttaccagctatggtatcagctgggtgcgacaggcccctggacaagggcttgagtggatgggatggatcagcgcttacaatggtaacacaaactatgcacagaagctccagggcagagtcaccatgaccacagacacatccacgagcacagcctacatggagctgaggagcctgagatctgacgacacggccgtgtattactgtgcgagagattactatgatagtagtggcctctttgactactggggccaaggaaccctggtcaccgtctcctca	IGHV1-18	IGHD3-22	IGHJ4	tgtgcgagagattactatgatagtagtggcctctttgactactgg	68	0.0282157676348548
cagatcaccttgaaggagtctggtcctacgctggtgaaacccacacagaccctcacgctgacctgcaccttctctgggttctcactcagcactagtggagtgggtgtgggctggatccgtcagcccccaggaaaggccctggagtggcttgcactcatttattggaatgatgataagcgctacagcccatctctgaagagcaggctcaccatcaccaaggacacctccaaaaaccaggtggtccttacaatgaccaacatggaccctgtggacacagccacatattactgtgcacacagacaaggggggtggtggtactttgactactggggccaaggaaccctggtcaccgtctcctca	IGHV2-5	IGHD4-23	IGHJ4	tgtgcacacagacaaggggggtggtggtactttgactactgg	54	0.0224066390041494
caggtgcagctggtgcagtctggggctgaggtgaagaagcctgggtcctcggtgaaggtctcctgcaaggcttctggaggcaccttcagcagctatgctatcagctgggtgcgacaggcccctggacaagggcttgagtggatgggagggatcatccctatctttggtacagcaaactacgcacagaagttccagggcagagtcacgattaccgcggacgaatccacgagcacagcctacatggagctgagcagcctgagatctgaggacacggccgtgtattactgtgcgagagatgggcccatagtgggaggttactttgactactggggccaaggaaccctggtcaccgtctcctca	IGHV1-69	IGHD1-26	IGHJ4	tgtgcgagagatgggcccatagtgggaggttactttgactactgg	44	0.0182572614107884
caggtgcagctggtgcagtctggggctgaggtgaagaagcctgggtcctcggtgaaggtctcctgcaaggcttctggaggcaccttcagcagctatgctatcagctgggtgcgacaggcccctggacaagggcttgagtggatgggagggatcatccctatctttggtacagcaaactacgcacagaagttccagggcagagtcacgattaccgcggacgaatccacgagcacagcctacatggagctgagcagcctgagatctgaggacacggccgtgtattactgtgcgagagagactacggaggtcgtctttgactactggggccaaggaaccctggtcaccgtctcctca	IGHV1-69	IGHD4-17	IGHJ4	tgtgcgagagagactacggaggtcgtctttgactactgg	37	0.0153526970954357
gaggtgcagctggtggagtctggaggaggcttgatccagcctggggggtccctgagactctcctgtgcagcctctgggttcaccgtcagtagcaactacatgagctgggtccgccaggctccagggaaggggctggagtgggtctcagttatttatagcggtggtagcacatactacgcagactccgtgaagggccgattcaccatctccagagacaattccaagaacacgctgtatcttcaaatgaacagcctgagagccgaggacacggccgtgtattactgtgcgagagaagggagcagctggtactttgactactggggccaaggaaccctggtcaccgtctcctca	IGHV3-53	IGHD6-13	IGHJ4	tgtgcgagagaagggagcagctggtactttgactactgg	32	0.0132780082987552
gaggtgcagctgttggagtctgggggaggcttggtacagcctggggggtccctgagactctcctgtgcagcctctggattcacctttagcagctatgccatgagctgggtccgccaggctccagggaaggggctggagtgggtctcagctattagtggtagtggtggtagcacatactacgcagactccgtgaagggccggttcaccatctccagagacaattccaagaacacgctgtatctgcaaatgaacagcctgagagccgaggacacggccgtatattactgtgcgaaagagggcggtgactactacaactggttcgactcctggggccaaggaaccctggtcaccgtctcctca	IGHV3-23	IGHD4-17	IGHJ5	tgtgcgaaagagggcggtgactactacaactggttcgactcctgg	27	0.0112033195020747
caggttcagctggtgcagtctggagctgaggtgaagaagcctggggcctcagtgaaggtctcctgcaaggcttctggttacacctttaccagctatggtatcagctgggtgcgacaggcccctggacaagggcttgagtggatgggatggatcagcgcttacaatggtaacacaaactatgcacagaagctccagggcagagtcaccatgaccacagacacatccacgagcacagcctacatggagctgaggagcctgagatctgacgacacggccgtgtattactgtgcgagagaggacgcagtggctggtactcactttgactactggggccaaggaaccctggtcaccgtctcctca	IGHV1-18	IGHD6-19	IGHJ4	tgtgcgagagaggacgcagtggctggtactcactttgactactgg	24	0.00995850622406639
gaggtgcagctggtggagtctgggggaggcttggtaaagcctggggggtcccttagactctcctgtgcagcctctggattcactttcagtaacgcctggatgagctgggtccgccaggctccagggaaggggctggagtgggttggccgtattaaaagcaaaactgatggtgggacaacagactacgctgcacccgtgaaaggcagattcaccatctcaagagatgattcaaaaaacacgctgtatctgcaaatgaacagcctgaaaaccgaggacacagccgtgtattactgtaccacagatgtagtagtaccagcttttgactactggggccaaggaaccctggtcaccgtctcctca	IGHV3-15	IGHD2-2	IGHJ4	tgtaccacagatgtagtagtaccagcttttgactactgg	21	0.00871369294605809
gaggtgcagctgttggagtctgggggaggcttggtacagcctggggggtccctgagactctcctgtgcagcctctggattcacctttagcagctatgccatgagctgggtccgccaggctccagggaaggggctggagtgggtctcagctattagtggtagtggtggtagcacatactacgcagactccgtgaagggccggttcaccatctccagagacaattccaagaacacgctgtatctgcaaatgaacagcctgagagccgaggacacggccgtatattactgtgcgaaagactatgatagtagtggttattactgtgactactggggccaaggaaccctggtcaccgtctcctca	IGHV3-23	IGHD3-22	IGHJ4	tgtgcgaaagactatgatagtagtggttattactgtgactactgg	19	0.00788381742738589
caggtgcagctggtgcagtctggggctgaggtgaagaagcctgggtcctcggtgaaggtctcctgcaaggcttctggaggcaccttcagcagctatgctatcagctgggtgcgacaggcccctggacaagggcttgagtggatgggagggatcatccctatctttggtacagcaaactacgcacagaagttccagggcagagtcacgattaccgcggacgaatccacgagcacagcctacatggagctgagcagcctgagatctgaggacacggccgtgtattactgtgcaaaatattgtagtagtaccagctgctttgactactggggccaaggaaccctggtcaccgtctcctca	IGHV1-69	IGHD2-2	IGHJ4	tgtgcaaaatattgtagtagtaccagctgctttgactactgg	17	0.00705394190871369
gaggtgcagctgttggagtctgggggaggcttggtacagcctggggggtccctgagactctcctgtgcagcctctggattcacctttagcagctatgccatgagctgggtccgccaggctccagggaaggggctggagtgggtctcagctattagtggtagtggtggtagcacatactacgcagactccgtgaagggccggttcaccatctccagagacaattccaagaacacgctgtatctgcaaatgaacagcctgagagccgaggacacggccgtatattactgtgcgaaagagggggagcagctggctccgtttgactactggggccaaggaaccctggtcaccgtctcctca	IGHV3-23	IGHD6-13	IGHJ4	tgtgcgaaagagggggagcagctggctccgtttgactactgg	16	0.00663900414937759
gaggtgcagctgttggagtctgggggaggcttggtacagcctggggggtccctgagactctcctgtgcagcctctggattcacctttagcagctatgccatgagctgggtccgccaggctccagggaaggggctggagtgggtctcagctattagtggtagtggtggtagcacatactacgcagactccgtgaagggccggttcaccatctccagagacaattccaagaacacgctgtatctgcaaatgaacagcctgagagccgaggacacggccgtatattactgtgcgaaagacagcagctggtaccactggtacttcgatctctggggccgtggcaccctggtcactgtctcctca	IGHV3-23	IGHD6-13	IGHJ2	tgtgcgaaagacagcagctggtaccactggtacttcgatctctgg	14	0.00580912863070539
caggtgcagctacagcagtggggcgcaggactgttgaagccttcggagaccctgtccctcacctgcgctgtctatggtgggtccttcagtggttactactggagctggatccgccagcccccagggaaggggctggagtggattggggaaatcaatcatagtggaagcaccaactacaacccgtccctcaagagtcgagtcaccatatcagtagacacgtccaagaaccagttctccctgaagctgagctctgtgaccgccgcggacacggctgtgtattactgtgcgagtatgcccgggtactactactacggtatggacgtctgggggcaagggaccacggtcaccgtctcctca	IGHV4-34	IGHD3-10	IGHJ6	tgtgcgagtatgcccgggtactactactacggtatggacgtctgg	13	0.00539419087136929
caggtgcagctggtgcagtctggggctgaggtgaagaagcctgggtcctcggtgaaggtctcctgcaaggcttctggaggcaccttcagcagctatgctatcagctgggtgcgacaggcccctggacaagggcttgagtggatgggagggatcatccctatctttggtacagcaaactacgcacagaagttccagggcagagtcacgattaccgcggacgaatccacgagcacagcctacatggagctgagcagcctgagatctgaggacacggccgtgtattactgtgcgagagagggaggatctagtggctactttgactactggggccaaggaaccctggtcaccgtctcctca	IGHV1-69	IGHD6-19	IGHJ4	tgtgcgagagagggaggatctagtggctactttgactactgg	12	0.00497925311203319
caggtgcagctggtgcagtctggggctgaggtgaagaagcctgggtcctcggtgaaggtctcctgcaaggcttctggaggcaccttcagcagctatgctatcagctgggtgcgacaggcccctggacaagggcttgagtggatgggagggatcatccctatctttggtacagcaaactacgcacagaagttccagggcagagtcacgattaccgcggacgaatccacgagcacagcctacatggagctgagcagcctgagatctgaggacacggccgtgtattactgtgcgagagaaaggaacctagcagtggctggttttgatgtctggggccaagggacaatggtcaccgtctcttca	IGHV1-69	IGHD6-19	IGHJ3	tgtgcgagagaaaggaacctagcagtggctggttttgatgtctgg	11	0.0045643153526971
gaggtgcagctggtggagtctgggggaggcttggtacagcctggggggtccctgagactctcctgtgcagcctctggattcaccttcagtagctacgacatgcactgggtccgccaagctacaggaaaaggtctggagtgggtctcagctattggtactgctggtgacacatactatccaggctccgtgaagggccgattcaccatctccagagaaaatgccaagaactccttgtatcttcaaatgaacagcctgagagccggggacacggctgtgtattactgtgcaagagactatggttcggggagttattgctttgactactggggccaaggaaccctggtcaccgtctcctca	IGHV3-13	IGHD3-10	IGHJ4	tgtgcaagagactatggttcggggagttattgctttgactactgg	10	0.004149377593361
gaggtgcagctggtggagtctgggggaggtgtggtacggcctggggggtccctgagactctcctgtgcagcctctggattcacctttgatgattatggcatgagctgggtccgccaagctccagggaaggggctggagtgggtctctggtattaattggaatggtggtagcacaggttatgcagactctgtgaagggccgattcaccatctccagagacaacgccaagaactccctgtatctgcaaatgaacagtctgagagccgaggacacggccttgtatcactgtgcgagagacgcggtgacctactactacggtatggacgtctgggggcaagggaccacggtcaccgtctcctca	IGHV3-20	IGHD4-17	IGHJ6	tgtgcgagagacgcggtgacctactactacggtatggacgtctgg	10	0.004149377593361
gaggtgcagctggtggagtctgggggaggcttggtaaagcctggggggtcccttagactctcctgtgcagcctctggattcactttcagtaacgcctggatgagctgggtccgccaggctccagggaaggggctggagtgggttggccgtattaaaagcaaaactgatggtgggacaacagactacgctgcacccgtgaaaggcagattcaccatctcaagagatgattcaaaaaacacgctgtatctgcaaatgaacagcctgaaaaccgaggacacagccgtgtattactgtaccacagaggggtatagtgggagggtctttgactactggggccaaggaaccctggtcaccgtctcctca	IGHV3-15	IGHD1-26	IGHJ4	tgtaccacagaggggtatagtgggagggtctttgactactgg	9	0.0037344398340249
caggtgcagctggtgcagtctggggctgaggtgaagaagcctggggcctcagtgaaggtttcctgcaaggcatctggatacaccttcaccagctactatatgcactgggtgcgacaggcccctggacaagggcttgagtggatgggaataatcaaccctagtggtggtagcacaagctacgcacagaagttccagggcagagtcaccatgaccagggacacgtccacgagcacagtctacatggagctgagcagcctgagatctgaggacacggccgtgtattactgtcctgactacggtgactacggagacggtatggacgtctgggggcaagggaccacggtcaccgtctcctca	IGHV1-46	IGHD4-17	IGHJ6	tgtcctgactacggtgactacggagacggtatggacgtctgg	9	0.0037344398340249
gaggtgcagctggtggagtctgggggaggcttggtaaagcctggggggtcccttagactctcctgtgcagcctctggattcactttcagtaacgcctggatgagctgggtccgccaggctccagggaaggggctggagtgggttggccgtattaaaagcaaaactgatggtgggacaacagactacgctgcacccgtgaaaggcagattcaccatctcaagagatgattcaaaaaacacgctgtatctgcaaatgaacagcctgaaaaccgaggacacagccgtgtattactgtaccacagacggctacggtgactcccactttgactactggggccaaggaaccctggtcaccgtctcctca	IGHV3-15	IGHD4-17	IGHJ4	tgtaccacagacggctacggtgactcccactttgactactgg	8	0.0033195020746888
gaggtgcagctggtgcagtctggagcagaggtgaaaaagcccggggagtctctgaagatctcctgtaagggttctggatacagctttaccagctactggatcggctgggtgcgccagatgcccgggaaaggcctggagtggatggggatcatctatcctggtgactctgataccagatacagcccgtccttccaaggccaggtcaccatctcagccgacaagtccatcagcaccgcctacctgcagtggagcagcctgaaggcctcggacaccgccatgtattactgtgcgagacagaagtgtagggaaggctttgactactggggccaaggaaccctggtcaccgtctcctca	IGHV5-51	IGHD2-2	IGHJ4	tgtgcgagacagaagtgtagggaaggctttgactactgg	8	0.0033195020746888
gaggtgcagctgttggagtctgggggaggcttggtacagcctggggggtccctgagactctcctgtgcagcctctggattcacctttagcagctatgccatgagctgggtccgccaggctccagggaaggggctggagtgggtctcagctattagtggtagtggtggtagcacatactacgcagactccgtgaagggccggttcaccatctccagagacaattccaagaacacgctgtatctgcaaatgaacagcctgagagccgaggacacggccgtatattactgtgcgaaagaagtaccagctgctatgcgtgcttttgatgtctggggccaagggacaatggtcaccgtctcttca	IGHV3-23	IGHD2-2	IGHJ3	tgtgcgaaagaagtaccagctgctatgcgtgcttttgatgtctgg	7	0.0029045643153527
caggtgcagctggtgcagtctggggctgaggtgaagaagcctgggtcctcggtgaaggtctcctgcaaggcttctggaggcaccttcagcagctatgctatcagctgggtgcgacaggcccctggacaagggcttgagtggatgggagggatcatccctatctttggtacagcaaactacgcacagaagttccagggcagagtcacgattaccgcggacgaatccacgagcacagcctacatggagctgagcagcctgagatctgaggacacggccgtgtattactgtgcgagagatattactatgatagtagtggtatttgactactggggccaaggaaccctggtcaccgtctcctca	IGHV1-69	IGHD3-22	IGHJ4	tgtgcgagagatattactatgatagtagtggtatttgactactgg	7	0.0029045643153527
gaggtgcagctggtggagtctgggggaggcttggtaaagcctggggggtcccttagactctcctgtgcagcctctggattcactttcagtaacgcctggatgagctgggtccgccaggctccagggaaggggctggagtgggttggccgtattaaaagcaaaactgatggtgggacaacagactacgctgcacccgtgaaaggcagattcaccatctcaagagatgattcaaaaaacacgctgtatctgcaaatgaacagcctgaaaaccgaggacacagccgtgtattactgtaccacagagtgcttctactactactacggtatggacgtctgggggcaagggaccacggtcaccgtctcctca	IGHV3-15	IGHD4-17	IGHJ6	tgtaccacagagtgcttctactactactacggtatggacgtctgg	6	0.0024896265560166
gaggtgcagctggtggagtctgggggaggcttggtaaagcctggggggtcccttagactctcctgtgcagcctctggattcactttcagtaacgcctggatgagctgggtccgccaggctccagggaaggggctggagtgggttggccgtattaaaagcaaaactgatggtgggacaacagactacgctgcacccgtgaaaggcagattcaccatctcaagagatgattcaaaaaacacgctgtatctgcaaatgaacagcctgaaaaccgaggacacagccgtgtattactgtaccacagatatggttcggggagttattagctttgactactggggccaaggaaccctggtcaccgtctcctca	IGHV3-15	IGHD3-10	IGHJ4	tgtaccacagatatggttcggggagttattagctttgactactgg	6	0.0024896265560166
caggtgcagctggtgcagtctggggctgaggtgaagaagcctggggcctcagtgaaggtctcctgcaaggcttctggatacaccttcaccggctactatatgcactgggtgcgacaggcccctggacaagggcttgagtggatgggacggatcaaccctaacagtggtggcacaaactatgcacagaagtttcagggcagggtcaccagtaccagggacacgtccatcagcacagcctacatggagctgagcaggctgagatctgacgacacggtcgtgtattactgtgcgagaaccatagcagtggctggatactactttgactactggggccaaggaaccctggtcaccgtctcctca	IGHV1-2	IGHD6-19	IGHJ4	tgtgcgagaaccatagcagtggctggatactactttgactactgg	6	0.0024896265560166
caggtgcagctacagcagtggggcgcaggactgttgaagccttcggagaccctgtccctcacctgcgctgtctatggtgggtccttcagtggttactactggagctggatccgccagcccccagggaaggggctggagtggattggggaaatcaatcatagtggaagcaccaactacaacccgtccctcaagagtcgagtcaccatatcagtagacacgtccaagaaccagttctccctgaagctgagctctgtgaccgccgcggacacggctgtgtattactgtgcgaagtggctggtaccctactactacggtatggacgtctgggggcaagggaccacggtcaccgtctcctca	IGHV4-34	IGHD6-19	IGHJ6	tgtgcgaagtggctggtaccctactactacggtatggacgtctgg	6	0.0024896265560166
gaggtgcagctggtggagtctgggggaggcttggtaaagcctggggggtcccttagactctcctgtgcagcctctggattcactttcagtaacgcctggatgagctgggtccgccaggctccagggaaggggctggagtgggttggccgtattaaaagcaaaactgatggtgggacaacagactacgctgcacccgtgaaaggcagattcaccatctcaagagatgattcaaaaaacacgctgtatctgcaaatgaacagcctgaaaaccgaggacacagccgtgtattactgtaccacagaccctacgggctactggtacttcgatctctggggccgtggcaccctggtcactgtctcctca	IGHV3-15	IGHD4-17	IGHJ2	tgtaccacagaccctacgggctactggtacttcgatctctgg	5	0.0020746887966805
gaggtgcagctggtggagtccgggggaggcttagttcagcctggggggtccctgagactctcctgtgcagcctctggattcaccttcagtagctactggatgcactgggtccgccaagctccagggaaggggctggtgtgggtctcacgtattaatagtgatgggagtagcacaagctacgcggactccgtgaagggccgattcaccatctccagagacaacgccaagaacacgctgtatctgcaaatgaacagtctgagagccgaggacacggctgtgtattactgtgcaaggacggggttagtagactggttcgactcctggggccaaggaaccctggtcaccgtctcctca	IGHV3-74	IGHD3-22	IGHJ5	tgtgcaaggacggggttagtagactggttcgactcctgg	5	0.0020746887966805
caggtgcagctggtgcagtctggggctgaggtgaagaagcctggggcctcagtgaaggtctcctgcaaggcttctggatacaccttcaccggctactatatgcactgggtgcgacaggcccctggacaagggcttgagtggatgggacggatcaaccctaacagtggtggcacaaactatgcacagaagtttcagggcagggtcaccagtaccagggacacgtccatcagcacagcctacatggagctgagcaggctgagatctgacgacacggtcgtgtattactgtgcgagagacgtatggttcggggagttctttgactactggggccaaggaaccctggtcaccgtctcctca	IGHV1-2	IGHD3-10	IGHJ4	tgtgcgagagacgtatggttcggggagttctttgactactgg	5	0.0020746887966805
caggtgcagctggtggagtctgggggaggcttggtcaagcctggagggtccctgagactctcctgtgcagcctctggattcaccttcagtgactactacatgagctggatccgccaggctccagggaaggggctggagtgggtttcatacattagtagtagtggtagtaccatatactacgcagactctgtgaagggccgattcaccatctccagggacaacgccaagaactcactgtatctgcaaatgaacagcctgagagccgaggacacggccgtgtattactgtgcgagacccttcgggagctactactactttgactactggggccaaggaaccctggtcaccgtctcctca	IGHV3-11	IGHD1-26	IGHJ4	tgtgcgagacccttcgggagctactactactttgactactgg	5	0.0020746887966805
caggtgcagctggtgcagtctggggctgaggtgaagaagcctgggtcctcggtgaaggtctcctgcaaggcttctggaggcaccttcagcagctatgctatcagctgggtgcgacaggcccctggacaagggcttgagtggatgggagggatcatccctatctttggtacagcaaactacgcacagaagttccagggcagagtcacgattaccgcggacgaatccacgagcacagcctacatggagctgagcagcctgagatctgaggacacggccgtgtattactgtgcgaggtatagtgggagctactactttgactactggggccaaggaaccctggtcaccgtctcctca	IGHV1-69	IGHD1-26	IGHJ4	tgtgcgaggtatagtgggagctactactttgactactgg	4	0.0016597510373444
gaggtgcagctggtggagtctgggggaggcttggtaaagcctggggggtcccttagactctcctgtgcagcctctggattcactttcagtaacgcctggatgagctgggtccgccaggctccagggaaggggctggagtgggttggccgtattaaaagcaaaactgatggtgggacaacagactacgctgcacccgtgaaaggcagattcaccatctcaagagatgattcaaaaaacacgctgtatctgcaaatgaacagcctgaaaaccgaggacacagccgtgtattactgtaccacagaagcagctccttactactttgactactggggccaaggaaccctggtcaccgtctcctca	IGHV3-15	IGHD6-6	IGHJ4	tgtaccacagaagcagctccttactactttgactactgg	4	0.0016597510373444
gaggtgcagctggtggagtctgggggaggcttggtaaagcctggggggtcccttagactctcctgtgcagcctctggattcactttcagtaacgcctggatgagctgggtccgccaggctccagggaaggggctggagtgggttggccgtattaaaagcaaaactgatggtgggacaacagactacgctgcacccgtgaaaggcagattcaccatctcaagagatgattcaaaaaacacgctgtatctgcaaatgaacagcctgaaaaccgaggacacagccgtgtattactgtaccactcagagtagtggttattactactttgactactggggccaaggaaccctggtcaccgtctcctca	IGHV3-15	IGHD3-22	IGHJ4	tgtaccactcagagtagtggttattactactttgactactgg	4	0.0016597510373444
gaggtgcagctgttggagtctgggggaggcttggtacagcctggggggtccctgagactctcctgtgcagcctctggattcacctttagcagctatgccatgagctgggtccgccaggctccagggaaggggctggagtgggtctcagctattagtggtagtggtggtagcacatactacgcagactccgtgaagggccggttcaccatctccagagacaattccaagaacacgctgtatctgcaaatgaacagcctgagagccgaggacacggccgtatattactgtgcgaaagaggagactacggtgactactgactttgactactggggccaaggaaccctggtcaccgtctcctca	IGHV3-23	IGHD4-17	IGHJ4	tgtgcgaaagaggagactacggtgactactgactttgactactgg	4	0.0016597510373444
caggtgcagctacagcagtggggcgcaggactgttgaagccttcggagaccctgtccctcacctgcgctgtctatggtgggtccttcagtggttactactggagctggatccgccagcccccagggaaggggctggagtggattggggaaatcaatcatagtggaagcaccaactacaacccgtccctcaagagtcgagtcaccatatcagtagacacgtccaagaaccagttctccctgaagctgagctctgtgaccgccgcggacacggctgtgtattactgtgcgagaggaggactaactggggactttgactactggggccaaggaaccctggtcaccgtctcctca	IGHV4-34	IGHD7-27	IGHJ4	tgtgcgagaggaggactaactggggactttgactactgg	4	0.0016597510373444
gaggtgcagctgttggagtctgggggaggcttggtacagcctggggggtccctgagactctcctgtgcagcctctggattcacctttagcagctatgccatgagctgggtccgccaggctccagggaaggggctggagtgggtctcagctattagtggtagtggtggtagcacatactacgcagactccgtgaagggccggttcaccatctccagagacaattccaagaacacgctgtatctgcaaatgaacagcctgagagccgaggacacggccgtatattactgtgcgaaagatcgggggtatagcccctatgcttttgatgtctggggccaagggacaatggtcaccgtctcttca	IGHV3-23	IGHD1-26	IGHJ3	tgtgcgaaagatcgggggtatagcccctatgcttttgatgtctgg	4	0.0016597510373444
gaggtgcagctggtggagtctgggggaggcttggtaaagcctggggggtcccttagactctcctgtgcagcctctggattcactttcagtaacgcctggatgagctgggtccgccaggctccagggaaggggctggagtgggttggccgtattaaaagcaaaactgatggtgggacaacagactacgctgcacccgtgaaaggcagattcaccatctcaagagatgattcaaaaaacacgctgtatctgcaaatgaacagcctgaaaaccgaggacacagccgtgtattactgtaccacagattggtttttgtatgcttttgatgtctggggccaagggacaatggtcaccgtctcttca	IGHV3-15	IGHD3-3	IGHJ3	tgtaccacagattggtttttgtatgcttttgatgtctgg	4	0.0016597510373444
caggtgcagctggtgcagtctggggctgaggtgaagaagcctgggtcctcggtgaaggtctcctgcaaggcttctggaggcaccttcagcagctatgctatcagctgggtgcgacaggcccctggacaagggcttgagtggatgggagggatcatccctatctttggtacagcaaactacgcacagaagttccagggcagagtcacgattaccgcggacgaatccacgagcacagcctacatggagctgagcagcctgagatctgaggacacggccgtgtattactgtgcgagagagaacagtggctggggctttgactactggggccaaggaaccctggtcaccgtctcctca	IGHV1-69	IGHD6-19	IGHJ4	tgtgcgagagagaacagtggctggggctttgactactgg	3	0.0012448132780083
cagatcaccttgaaggagtctggtcctacgctggtgaaacccacacagaccctcacgctgacctgcaccttctctgggttctcactcagcactagtggagtgggtgtgggctggatccgtcagcccccaggaaaggccctggagtggcttgcactcatttattggaatgatgataagcgctacagcccatctctgaagagcaggctcaccatcaccaaggacacctccaaaaaccaggtggtccttacaatgaccaacatggaccctgtggacacagccacatattactgtgcacacagacggaacggtgactactttgactactggggccaaggaaccctggtcaccgtctcctca	IGHV2-5	IGHD4-17	IGHJ4	tgtgcacacagacggaacggtgactactttgactactgg	3	0.0012448132780083
caggtgcagctacagcagtggggcgcaggactgttgaagccttcggagaccctgtccctcacctgcgctgtctatggtgggtccttcagtggttactactggagctggatccgccagcccccagggaaggggctggagtggattggggaaatcaatcatagtggaagcaccaactacaacccgtccctcaagagtcgagtcaccatatcagtagacacgtccaagaaccagttctccctgaagctgagctctgtgaccgccgcggacacggctgtgtattactgtgcgagagagcagcagctacactactttgactactggggccaaggaaccctggtcaccgtctcctca	IGHV4-34	IGHD6-13	IGHJ4	tgtgcgagagagcagcagctacactactttgactactgg	3	0.0012448132780083
gaggtgcagctggtggagtctgggggaggtgtggtacggcctggggggtccctgagactctcctgtgcagcctctggattcacctttgatgattatggcatgagctgggtccgccaagctccagggaaggggctggagtgggtctctggtattaattggaatggtggtagcacaggttatgcagactctgtgaagggccgattcaccatctccagagacaacgccaagaactccctgtatctgcaaatgaacagtctgagagccgaggacacggccttgtatcactgtgcgagagagacttactactactacggtatggacgtctgggggcaagggaccacggtcaccgtctcctca	IGHV3-20	IGHD4-17	IGHJ6	tgtgcgagagagacttactactactacggtatggacgtctgg	3	0.0012448132780083
caggtgcagctggtgcagtctggggctgaggtgaagaagcctgggtcctcggtgaaggtctcctgcaaggcttctggaggcaccttcagcagctatgctatcagctgggtgcgacaggcccctggacaagggcttgagtggatgggagggatcatccctatctttggtacagcaaactacgcacagaagttccagggcagagtcacgattaccgcggacgaatccacgagcacagcctacatggagctgagcagcctgagatctgaggacacggccgtgtattactgtgcgagacttattttgactggttattatcactttgactactggggccaaggaaccctggtcaccgtctcctca	IGHV1-69	IGHD3-9	IGHJ4	tgtgcgagacttattttgactggttattatcactttgactactgg	3	0.0012448132780083
caggttcagctggtgcagtctggagctgaggtgaagaagcctggggcctcagtgaaggtctcctgcaaggcttctggttacacctttaccagctatggtatcagctgggtgcgacaggcccctggacaagggcttgagtggatgggatggatcagcgcttacaatggtaacacaaactatgcacagaagctccagggcagagtcaccatgaccacagacacatccacgagcacagcctacatggagctgaggagcctgagatctgacgacacggccgtgtattactgtgcgagagatccactcggtatagtggactggttcgactcctggggccaaggaaccctggtcaccgtctcctca	IGHV1-18	IGHD1-26	IGHJ5	tgtgcgagagatccactcggtatagtggactggttcgactcctgg	3	0.0012448132780083
caggtccagcttgtgcagtctggggctgaggtgaagaagcctggggcctcagtgaaggtttcctgcaaggcttctggatacaccttcactagctatgctatgcattgggtgcgccaggcccccggacaaaggcttgagtggatgggatggatcaacgctggcaatggtaacacaaaatattcacagaagttccagggcagagtcaccattaccagggacacatccgcgagcacagcctacatggagctgagcagcctgagatctgaagacacggctgtgtattactgtgcgagagaacgtagcagtggaggggcttttgatgtctggggccaagggacaatggtcaccgtctcttca	IGHV1-3	IGHD6-19	IGHJ3	tgtgcgagagaacgtagcagtggaggggcttttgatgtctgg	3	0.0012448132780083
gaggtgcagctggtggagtctgggggaggtgtggtacggcctggggggtccctgagactctcctgtgcagcctctggattcacctttgatgattatggcatgagctgggtccgccaagctccagggaaggggctggagtgggtctctggtattaattggaatggtggtagcacaggttatgcagactctgtgaagggccgattcaccatctccagagacaacgccaagaactccctgtatctgcaaatgaacagtctgagagccgaggacacggccttgtatcactgtgcgagagctacggtgactacggagaactactttgactactggggccaaggaaccctggtcaccgtctcctca	IGHV3-20	IGHD4-17	IGHJ4	tgtgcgagagctacggtgactacggagaactactttgactactgg	3	0.0012448132780083
gaggtgcagctggtgcagtctggagcagaggtgaaaaagcccggggagtctctgaagatctcctgtaagggttctggatacagctttaccagctactggatcggctgggtgcgccagatgcccgggaaaggcctggagtggatggggatcatctatcctggtgactctgataccagatacagcccgtccttccaaggccaggtcaccatctcagccgacaagtccatcagcaccgcctacctgcagtggagcagcctgaaggcctcggacaccgccatgtattactgtgcgagacacagcagcagctggaactactttgactactggggccaaggaaccctggtcaccgtctcctca	IGHV5-51	IGHD6-13	IGHJ4	tgtgcgagacacagcagcagctggaactactttgactactgg	3	0.0012448132780083
caggttcagctggtgcagtctggagctgaggtgaagaagcctggggcctcagtgaaggtctcctgcaaggcttctggttacacctttaccagctatggtatcagctgggtgcgacaggcccctggacaagggcttgagtggatgggatggatcagcgcttacaatggtaacacaaactatgcacagaagctccagggcagagtcaccatgaccacagacacatccacgagcacagcctacatggagctgaggagcctgagatctgacgacacggccgtgtattactgtgcgagagacttcctcatagcagcagcttttgatgtctggggccaagggacaatggtcaccgtctcttca	IGHV1-18	IGHD6-13	IGHJ3	tgtgcgagagacttcctcatagcagcagcttttgatgtctgg	3	0.0012448132780083
caggtgcagctggtgcagtctggggctgaggtgaagaagcctgggtcctcggtgaaggtctcctgcaaggcttctggaggcaccttcagcagctatgctatcagctgggtgcgacaggcccctggacaagggcttgagtggatgggagggatcatccctatctttggtacagcaaactacgcacagaagttccagggcagagtcacgattaccgcggacgaatccacgagcacagcctacatggagctgagcagcctgagatctgaggacacggccgtgtattactgtgcgagagcgggatggctacactactttgactactggggccaaggaaccctggtcaccgtctcctca	IGHV1-69	IGHD5-24	IGHJ4	tgtgcgagagcgggatggctacactactttgactactgg	3	0.0012448132780083
caggtgcagctggtgcagtctggggctgaggtgaagaagcctggggcctcagtgaaggtctcctgcaaggcttctggatacaccttcaccggctactatatgcactgggtgcgacaggcccctggacaagggcttgagtggatgggacggatcaaccctaacagtggtggcacaaactatgcacagaagtttcagggcagggtcaccagtaccagggacacgtccatcagcacagcctacatggagctgagcaggctgagatctgacgacacggtcgtgtattactgtgcgagagagggggtgggagcacaggggttcgactcctggggccaaggaaccctggtcaccgtctcctca	IGHV1-2	IGHD1-26	IGHJ5	tgtgcgagagagggggtgggagcacaggggttcgactcctgg	2	0.000829875518672199
caggttcagctggtgcagtctggagctgaggtgaagaagcctggggcctcagtgaaggtctcctgcaaggcttctggttacacctttaccagctatggtatcagctgggtgcgacaggcccctggacaagggcttgagtggatgggatggatcagcgcttacaatggtaacacaaactatgcacagaagctccagggcagagtcaccatgaccacagacacatccacgagcacagcctacatggagctgaggagcctgagatctgacgacacggccgtgtattactgtgcgagagacgagtatagcagctcgtcggcttttgatgtctggggccaagggacaatggtcaccgtctcttca	IGHV1-18	IGHD6-6	IGHJ3	tgtgcgagagacgagtatagcagctcgtcggcttttgatgtctgg	2	0.000829875518672199
gaggtgcagctggtggagtctgggggaggtgtggtacggcctggggggtccctgagactctcctgtgcagcctctggattcacctttgatgattatggcatgagctgggtccgccaagctccagggaaggggctggagtgggtctctggtattaattggaatggtggtagcacaggttatgcagactctgtgaagggccgattcaccatctccagagacaacgccaagaactccctgtatctgcaaatgaacagtctgagagccgaggacacggccttgtatcactgtgcggtccgtatagcagcagtctggttcgactcctggggccaaggaaccctggtcaccgtctcctca	IGHV3-20	IGHD6-13	IGHJ5	tgtgcggtccgtatagcagcagtctggttcgactcctgg	2	0.000829875518672199
caggttcagctggtgcagtctggagctgaggtgaagaagcctggggcctcagtgaaggtctcctgcaaggcttctggttacacctttaccagctatggtatcagctgggtgcgacaggcccctggacaagggcttgagtggatgggatggatcagcgcttacaatggtaacacaaactatgcacagaagctccagggcagagtcaccatgaccacagacacatccacgagcacagcctacatggagctgaggagcctgagatctgacgacacggccgtgtattactgtgcgagaggggggatagtagtggttcctagttttgactactggggccaaggaaccctggtcaccgtctcctca	IGHV1-18	IGHD3-22	IGHJ4	tgtgcgagaggggggatagtagtggttcctagttttgactactgg	2	0.000829875518672199
caggttcagctggtgcagtctggagctgaggtgaagaagcctggggcctcagtgaaggtctcctgcaaggcttctggttacacctttaccagctatggtatcagctgggtgcgacaggcccctggacaagggcttgagtggatgggatggatcagcgcttacaatggtaacacaaactatgcacagaagctccagggcagagtcaccatgaccacagacacatccacgagcacagcctacatggagctgaggagcctgagatctgacgacacggccgtgtattactgtgcgagagagctaactggggaggactttgactactggggccaaggaaccctggtcaccgtctcctca	IGHV1-18	IGHD7-27	IGHJ4	tgtgcgagagagctaactggggaggactttgactactgg	2	0.000829875518672199
caggttcagctggtgcagtctggagctgaggtgaagaagcctggggcctcagtgaaggtctcctgcaaggcttctggttacacctttaccagctatggtatcagctgggtgcgacaggcccctggacaagggcttgagtggatgggatggatcagcgcttacaatggtaacacaaactatgcacagaagctccagggcagagtcaccatgaccacagacacatccacgagcacagcctacatggagctgaggagcctgagatctgacgacacggccgtgtattactgtgcgagagagacgatttttggagtggtctttgactactggggccaaggaaccctggtcaccgtctcctca	IGHV1-18	IGHD3-3	IGHJ4	tgtgcgagagagacgatttttggagtggtctttgactactgg	2	0.000829875518672199
gaggtgcagctgttggagtctgggggaggcttggtacagcctggggggtccctgagactctcctgtgcagcctctggattcacctttagcagctatgccatgagctgggtccgccaggctccagggaaggggctggagtgggtctcagctattagtggtagtggtggtagcacatactacgcagactccgtgaagggccggttcaccatctccagagacaattccaagaacacgctgtatctgcaaatgaacagcctgagagccgaggacacggccgtatattactgtgcgaaagcaaacacagcagctggctggttcgactcctggggccaaggaaccctggtcaccgtctcctca	IGHV3-23	IGHD6-13	IGHJ5	tgtgcgaaagcaaacacagcagctggctggttcgactcctgg	2	0.000829875518672199
gaggtgcagctggtgcagtctggagcagaggtgaaaaagcccggggagtctctgaagatctcctgtaagggttctggatacagctttaccagctactggatcggctgggtgcgccagatgcccgggaaaggcctggagtggatggggatcatctatcctggtgactctgataccagatacagcccgtccttccaaggccaggtcaccatctcagccgacaagtccatcagcaccgcctacctgcagtggagcagcctgaaggcctcggacaccgccatgtattactgtgcgagaggaactatggttcggggagttatttttgactactggggccaaggaaccctggtcaccgtctcctca	IGHV5-51	IGHD3-10	IGHJ4	tgtgcgagaggaactatggttcggggagttatttttgactactgg	2	0.000829875518672199
gaggtgcagctggtggagtctgggggaggcttggtacagccagggcggtccctgagactctcctgtacagcttctggattcacctttggtgattatgctatgagctggttccgccaggctccagggaaggggctggagtgggtaggtttcattagaagcaaagcttatggtgggacaacagaatacaccgcgtctgtgaaaggcagattcaccatctcaagagatggttccaaaagcatcgcctatctgcaaatgaacagcctgaaaaccgaggacacagccgtgtattactgtactagattagggggtatagcagcagctggtacggactactggggccaaggaaccctggtcaccgtctcctca	IGHV3-49	IGHD6-13	IGHJ4	tgtactagattagggggtatagcagcagctggtacggactactgg	2	0.000829875518672199
caggtgcagctggtgcagtctggggctgaggtgaagaagcctggggcctcagtgaaggtctcctgcaaggcttctggatacaccttcaccggctactatatgcactgggtgcgacaggcccctggacaagggcttgagtggatgggacggatcaaccctaacagtggtggcacaaactatgcacagaagtttcagggcagggtcaccagtaccagggacacgtccatcagcacagcctacatggagctgagcaggctgagatctgacgacacggtcgtgtattactgtgcgagagaaaggggtatagcagcagcttttgactactggggccaaggaaccctggtcaccgtctcctca	IGHV1-2	IGHD6-13	IGHJ4	tgtgcgagagaaaggggtatagcagcagcttttgactactgg	2	0.000829875518672199
caggtgcagctggtgcagtctggggctgaggtgaagaagcctgggtcctcggtgaaggtctcctgcaaggcttctggaggcaccttcagcagctatgctatcagctgggtgcgacaggcccctggacaagggcttgagtggatgggagggatcatccctatctttggtacagcaaactacgcacagaagttccagggcagagtcacgattaccgcggacgaatccacgagcacagcctacatggagctgagcagcctgagatctgaggacacggccgtgtattactgtgcgagagcggggtacaacccctactttgactactggggccaaggaaccctggtcaccgtctcctca	IGHV1-69	IGHD1-1	IGHJ4	tgtgcgagagcggggtacaacccctactttgactactgg	2	0.000829875518672199
gaggtgcagctgttggagtctgggggaggcttggtacagcctggggggtccctgagactctcctgtgcagcctctggattcacctttagcagctatgccatgagctgggtccgccaggctccagggaaggggctggagtgggtctcagctattagtggtagtggtggtagcacatactacgcagactccgtgaagggccggttcaccatctccagagacaattccaagaacacgctgtatctgcaaatgaacagcctgagagccgaggacacggccgtatattactgtgcgaacagtagtaccagctgctatgcctttgactactggggccaaggaaccctggtcaccgtctcctca	IGHV3-23	IGHD2-2	IGHJ4	tgtgcgaacagtagtaccagctgctatgcctttgactactgg	2	0.000829875518672199
caggtgcagctggtgcagtctggggctgaggtgaagaagcctggggcctcagtgaaggtttcctgcaaggcatctggatacaccttcaccagctactatatgcactgggtgcgacaggcccctggacaagggcttgagtggatgggaataatcaaccctagtggtggtagcacaagctacgcacagaagttccagggcagagtcaccatgaccagggacacgtccacgagcacagtctacatggagctgagcagcctgagatctgaggacacggccgtgtattactgtgcgagggagatggctacaatggagtactttgactactggggccaaggaaccctggtcaccgtctcctca	IGHV1-46	IGHD5-24	IGHJ4	tgtgcgagggagatggctacaatggagtactttgactactgg	2	0.000829875518672199
gaggtgcagctgttggagtctgggggaggcttggtacagcctggggggtccctgagactctcctgtgcagcctctggattcacctttagcagctatgccatgagctgggtccgccaggctccagggaaggggctggagtgggtctcagctattagtggtagtggtggtagcacatactacgcagactccgtgaagggccggttcaccatctccagagacaattccaagaacacgctgtatctgcaaatgaacagcctgagagccgaggacacggccgtatattactgtgcgaaagatgagctactaccctcctactttgactactggggccaaggaaccctggtcaccgtctcctca	IGHV3-23	IGHD1-26	IGHJ4	tgtgcgaaagatgagctactaccctcctactttgactactgg	2	0.000829875518672199
gaggtgcagctggtggagtctggaggaggcttgatccagcctggggggtccctgagactctcctgtgcagcctctgggttcaccgtcagtagcaactacatgagctgggtccgccaggctccagggaaggggctggagtgggtctcagttatttatagcggtggtagcacatactacgcagactccgtgaagggccgattcaccatctccagagacaattccaagaacacgctgtatcttcaaatgaacagcctgagagccgaggacacggccgtgtattactgtgcgagagaaacgccccagcggctctttgactactggggccaaggaaccctggtcaccgtctcctca	IGHV3-53	IGHD6-25	IGHJ4	tgtgcgagagaaacgccccagcggctctttgactactgg	2	0.000829875518672199
gaggtgcagctgttggagtctgggggaggcttggtacagcctggggggtccctgagactctcctgtgcagcctctggattcacctttagcagctatgccatgagctgggtccgccaggctccagggaaggggctggagtgggtctcagctattagtggtagtggtggtagcacatactacgcagactccgtgaagggccggttcaccatctccagagacaattccaagaacacgctgtatctgcaaatgaacagcctgagagccgaggacacggccgtatattactgtgcgaaagatgtagtagtaccagctctctgctttgactactggggccaaggaaccctggtcaccgtctcctca	IGHV3-23	IGHD2-2	IGHJ4	tgtgcgaaagatgtagtagtaccagctctctgctttgactactgg	2	0.000829875518672199
gaggtgcagctggtggagtctgggggaggcttggtaaagcctggggggtcccttagactctcctgtgcagcctctggattcactttcagtaacgcctggatgagctgggtccgccaggctccagggaaggggctggagtgggttggccgtattaaaagcaaaactgatggtgggacaacagactacgctgcacccgtgaaaggcagattcaccatctcaagagatgattcaaaaaacacgctgtatctgcaaatgaacagcctgaaaaccgaggacacagccgtgtattactgtaccacagacccgagcagtggctactttgactactggggccaaggaaccctggtcaccgtctcctca	IGHV3-15	IGHD6-19	IGHJ4	tgtaccacagacccgagcagtggctactttgactactgg	2	0.000829875518672199
gaggtgcagctgttggagtctgggggaggcttggtacagcctggggggtccctgagactctcctgtgcagcctctggattcacctttagcagctatgccatgagctgggtccgccaggctccagggaaggggctggagtgggtctcagctattagtggtagtggtggtagcacatactacgcagactccgtgaagggccggttcaccatctccagagacaattccaagaacacgctgtatctgcaaatgaacagcctgagagccgaggacacggccgtatattactgtgcgaaagaggccagcagtggctggtacgcttttgatgtctggggccaagggacaatggtcaccgtctcttca	IGHV3-23	IGHD6-19	IGHJ3	tgtgcgaaagaggccagcagtggctggtacgcttttgatgtctgg	2	0.000829875518672199
gaggtgcagctggtggagtctgggggaggcttggtacagccagggcggtccctgagactctcctgtacagcttctggattcacctttggtgattatgctatgagctggttccgccaggctccagggaaggggctggagtgggtaggtttcattagaagcaaagcttatggtgggacaacagaatacaccgcgtctgtgaaaggcagattcaccatctcaagagatggttccaaaagcatcgcctatctgcaaatgaacagcctgaaaaccgaggacacagccgtgtattactgtactagagactccttaatagcagtggttgactactggggccaaggaaccctggtcaccgtctcctca	IGHV3-49	IGHD6-19	IGHJ4	tgtactagagactccttaatagcagtggttgactactgg	2	0.000829875518672199
caggtgcagctggtggagtctgggggaggcttggtcaagcctggagggtccctgagactctcctgtgcagcctctggattcaccttcagtgactactacatgagctggatccgccaggctccagggaaggggctggagtgggtttcatacattagtagtagtggtagtaccatatactacgcagactctgtgaagggccgattcaccatctccagggacaacgccaagaactcactgtatctgcaaatgaacagcctgagagccgaggacacggccgtgtattactgtgcgagagggggtatagcagtggctggtcactttgactactggggccaaggaaccctggtcaccgtctcctca	IGHV3-11	IGHD6-19	IGHJ4	tgtgcgagagggggtatagcagtggctggtcactttgactactgg	2	0.000829875518672199
caggtgcagctacagcagtggggcgcaggactgttgaagccttcggagaccctgtccctcacctgcgctgtctatggtgggtccttcagtggttactactggagctggatccgccagcccccagggaaggggctggagtggattggggaaatcaatcatagtggaagcaccaactacaacccgtccctcaagagtcgagtcaccatatcagtagacacgtccaagaaccagttctccctgaagctgagctctgtgaccgccgcggacacggctgtgtattactgtgcgagcggaacggtggtaactccctttgactactggggccaaggaaccctggtcaccgtctcctca	IGHV4-34	IGHD4-23	IGHJ4	tgtgcgagcggaacggtggtaactccctttgactactgg	2	0.000829875518672199
gaggtgcagctggtggagtctgggggaggcttggtacagccagggcggtccctgagactctcctgtacagcttctggattcacctttggtgattatgctatgagctggttccgccaggctccagggaaggggctggagtgggtaggtttcattagaagcaaagcttatggtgggacaacagaatacaccgcgtctgtgaaaggcagattcaccatctcaagagatggttccaaaagcatcgcctatctgcaaatgaacagcctgaaaaccgaggacacagccgtgtattactgtactagtcgggggttattagtctactttgactactggggccaaggaaccctggtcaccgtctcctca	IGHV3-49	IGHD3-3	IGHJ4	tgtactagtcgggggttattagtctactttgactactgg	2	0.000829875518672199
gaggtgcagctggtggagtccgggggaggcttagttcagcctggggggtccctgagactctcctgtgcagcctctggattcaccttcagtagctactggatgcactgggtccgccaagctccagggaaggggctggtgtgggtctcacgtattaatagtgatgggagtagcacaagctacgcggactccgtgaagggccgattcaccatctccagagacaacgccaagaacacgctgtatctgcaaatgaacagtctgagagccgaggacacggctgtgtattactgtgcaagagaggttcggggagttatattcgactcctggggccaaggaaccctggtcaccgtctcctca	IGHV3-74	IGHD3-10	IGHJ5	tgtgcaagagaggttcggggagttatattcgactcctgg	1	0.0004149377593361
caggtgcagctggtgcagtctggggctgaggtgaagaagcctggggcctcagtgaaggtctcctgcaaggcttctggatacaccttcaccggctactatatgcactgggtgcgacaggcccctggacaagggcttgagtggatgggacggatcaaccctaacagtggtggcacaaactatgcacagaagtttcagggcagggtcaccagtaccagggacacgtccatcagcacagcctacatggagctgagcaggctgagatctgacgacacggtcgtgtattactgtgcgagagaagcagcagctgtttactactttgactactggggccaaggaaccctggtcaccgtctcctca	IGHV1-2	IGHD6-13	IGHJ4	tgtgcgagagaagcagcagctgtttactactttgactactgg	1	0.0004149377593361
gaggtgcagctgttggagtctgggggaggcttggtacagcctggggggtccctgagactctcctgtgcagcctctggattcacctttagcagctatgccatgagctgggtccgccaggctccagggaaggggctggagtgggtctcagctattagtggtagtggtggtagcacatactacgcagactccgtgaagggccggttcaccatctccagagacaattccaagaacacgctgtatctgcaaatgaacagcctgagagccgaggacacggccgtatattactgtgcgaaagagagagatggctacaattgctttgactactggggccaaggaaccctggtcaccgtctcctca	IGHV3-23	IGHD5-24	IGHJ4	tgtgcgaaagagagagatggctacaattgctttgactactgg	1	0.0004149377593361
caggttcagctggtgcagtctggagctgaggtgaagaagcctggggcctcagtgaaggtctcctgcaaggcttctggttacacctttaccagctatggtatcagctgggtgcgacaggcccctggacaagggcttgagtggatgggatggatcagcgcttacaatggtaacacaaactatgcacagaagctccagggcagagtcaccatgaccacagacacatccacgagcacagcctacatggagctgaggagcctgagatctgacgacacggccgtgtattactgtgcgactatggttcggggagttagctactttgactactggggccaaggaaccctggtcaccgtctcctca	IGHV1-18	IGHD3-10	IGHJ4	tgtgcgactatggttcggggagttagctactttgactactgg	1	0.0004149377593361
gaggtgcagctggtggagtctgggggaggcttggtacagccagggcggtccctgagactctcctgtacagcttctggattcacctttggtgattatgctatgagctggttccgccaggctccagggaaggggctggagtgggtaggtttcattagaagcaaagcttatggtgggacaacagaatacaccgcgtctgtgaaaggcagattcaccatctcaagagatggttccaaaagcatcgcctatctgcaaatgaacagcctgaaaaccgaggacacagccgtgtattactgtactagagatactataaaagctgaatacttccagcactggggccagggcaccctggtcaccgtctcctca	IGHV3-49	IGHD1-26	IGHJ1	tgtactagagatactataaaagctgaatacttccagcactgg	1	0.0004149377593361
gaggtgcagctggtgcagtctggagcagaggtgaaaaagcccggggagtctctgaagatctcctgtaagggttctggatacagctttaccagctactggatcggctgggtgcgccagatgcccgggaaaggcctggagtggatggggatcatctatcctggtgactctgataccagatacagcccgtccttccaaggccaggtcaccatctcagccgacaagtccatcagcaccgcctacctgcagtggagcagcctgaaggcctcggacaccgccatgtattactgtgcgagacagtatagtggctacgcctggttcgactcctggggccaaggaaccctggtcaccgtctcctca	IGHV5-51	IGHD5-12	IGHJ5	tgtgcgagacagtatagtggctacgcctggttcgactcctgg	1	0.0004149377593361
caggttcagctggtgcagtctggagctgaggtgaagaagcctggggcctcagtgaaggtctcctgcaaggcttctggttacacctttaccagctatggtatcagctgggtgcgacaggcccctggacaagggcttgagtggatgggatggatcagcgcttacaatggtaacacaaactatgcacagaagctccagggcagagtcaccatgaccacagacacatccacgagcacagcctacatggagctgaggagcctgagatctgacgacacggccgtgtattactgtgcgagagagaggtgggagctactaccctttgactactggggccaaggaaccctggtcaccgtctcctca	IGHV1-18	IGHD1-26	IGHJ4	tgtgcgagagagaggtgggagctactaccctttgactactgg	1	0.0004149377593361
caggtgcagctggtgcagtctggggctgaggtgaagaagcctggggcctcagtgaaggtctcctgcaaggcttctggatacaccttcaccggctactatatgcactgggtgcgacaggcccctggacaagggcttgagtggatgggacggatcaaccctaacagtggtggcacaaactatgcacagaagtttcagggcagggtcaccagtaccagggacacgtccatcagcacagcctacatggagctgagcaggctgagatctgacgacacggtcgtgtattactgtgcgagagactatgggaactactacggtatggacgtctgggggcaagggaccacggtcaccgtctcctca	IGHV1-2	IGHD3-10	IGHJ6	tgtgcgagagactatgggaactactacggtatggacgtctgg	1	0.0004149377593361
gaggtgcagctggtgcagtctggagcagaggtgaaaaagcccggggagtctctgaagatctcctgtaagggttctggatacagctttaccagctactggatcggctgggtgcgccagatgcccgggaaaggcctggagtggatggggatcatctatcctggtgactctgataccagatacagcccgtccttccaaggccaggtcaccatctcagccgacaagtccatcagcaccgcctacctgcagtggagcagcctgaaggcctcggacaccgccatgtattactgtgcgagtgcgaacgtttgggggagttattactttgactactggggccaaggaaccctggtcaccgtctcctca	IGHV5-51	IGHD3-16	IGHJ4	tgtgcgagtgcgaacgtttgggggagttattactttgactactgg	1	0.0004149377593361
caggttcagctggtgcagtctggagctgaggtgaagaagcctggggcctcagtgaaggtctcctgcaaggcttctggttacacctttaccagctatggtatcagctgggtgcgacaggcccctggacaagggcttgagtggatgggatggatcagcgcttacaatggtaacacaaactatgcacagaagctccagggcagagtcaccatgaccacagacacatccacgagcacagcctacatggagctgaggagcctgagatctgacgacacggccgtgtattactgtgcgagcccaatagtggctaccctctttgactactggggccaaggaaccctggtcaccgtctcctca	IGHV1-18	IGHD5-12	IGHJ4	tgtgcgagcccaatagtggctaccctctttgactactgg	1	0.0004149377593361
caggttcagctggtgcagtctggagctgaggtgaagaagcctggggcctcagtgaaggtctcctgcaaggcttctggttacacctttaccagctatggtatcagctgggtgcgacaggcccctggacaagggcttgagtggatgggatggatcagcgcttacaatggtaacacaaactatgcacagaagctccagggcagagtcaccatgaccacagacacatccacgagcacagcctacatggagctgaggagcctgagatctgacgacacggccgtgtattactgtgcgagagatgtgggagctactacggggttcgactcctggggccaaggaaccctggtcaccgtctcctca	IGHV1-18	IGHD1-26	IGHJ5	tgtgcgagagatgtgggagctactacggggttcgactcctgg	1	0.0004149377593361
gaagtgcagctggtggagtctgggggagtcgtggtacagcctggggggtccctgagactctcctgtgcagcctctggattcacctttgatgattataccatgcactgggtccgtcaagctccggggaagggtctggagtgggtctctcttattagttgggatggtggtagcacatactatgcagactctgtgaagggccgattcaccatctccagagacaacagcaaaaactccctgtatctgcaaatgaacagtctgagaactgaggacaccgccttgtattactgtgcaaaagatactagtgggagtgaatacttccagcactggggccagggcaccctggtcaccgtctcctca	IGHV3-43	IGHD1-26	IGHJ1	tgtgcaaaagatactagtgggagtgaatacttccagcactgg	1	0.0004149377593361
caggttcagctggtgcagtctggagctgaggtgaagaagcctggggcctcagtgaaggtctcctgcaaggcttctggttacacctttaccagctatggtatcagctgggtgcgacaggcccctggacaagggcttgagtggatgggatggatcagcgcttacaatggtaacacaaactatgcacagaagctccagggcagagtcaccatgaccacagacacatccacgagcacagcctacatggagctgaggagcctgagatctgacgacacggccgtgtattactgtgcgagagacgggaaccggaaccgcaactggttcgactcctggggccaaggaaccctggtcaccgtctcctca	IGHV1-18	IGHD1-14	IGHJ5	tgtgcgagagacgggaaccggaaccgcaactggttcgactcctgg	1	0.0004149377593361
caggttcagctggtgcagtctggagctgaggtgaagaagcctggggcctcagtgaaggtctcctgcaaggcttctggttacacctttaccagctatggtatcagctgggtgcgacaggcccctggacaagggcttgagtggatgggatggatcagcgcttacaatggtaacacaaactatgcacagaagctccagggcagagtcaccatgaccacagacacatccacgagcacagcctacatggagctgaggagcctgagatctgacgacacggccgtgtattactgtgcgagagagtgcagcagctgggatgcttttgatgtctggggccaagggacaatggtcaccgtctcttca	IGHV1-18	IGHD6-13	IGHJ3	tgtgcgagagagtgcagcagctgggatgcttttgatgtctgg	1	0.0004149377593361
gaggtgcagctggtggagtctgggggaggtgtggtacggcctggggggtccctgagactctcctgtgcagcctctggattcacctttgatgattatggcatgagctgggtccgccaagctccagggaaggggctggagtgggtctctggtattaattggaatggtggtagcacaggttatgcagactctgtgaagggccgattcaccatctccagagacaacgccaagaactccctgtatctgcaaatgaacagtctgagagccgaggacacggccttgtatcactgtattactatggttcggggagtggatccttttgatgtctggggccaagggacaatggtcaccgtctcttca	IGHV3-20	IGHD3-10	IGHJ3	tgtattactatggttcggggagtggatccttttgatgtctgg	1	0.0004149377593361
gaggtgcagctgttggagtctgggggaggcttggtacagcctggggggtccctgagactctcctgtgcagcctctggattcacctttagcagctatgccatgagctgggtccgccaggctccagggaaggggctggagtgggtctcagctattagtggtagtggtggtagcacatactacgcagactccgtgaagggccggttcaccatctccagagacaattccaagaacacgctgtatctgcaaatgaacagcctgagagccgaggacacggccgtatattactgtgcgaaagaccgatggctacaagacgggtactttgactactggggccaaggaaccctggtcaccgtctcctca	IGHV3-23	IGHD5-24	IGHJ4	tgtgcgaaagaccgatggctacaagacgggtactttgactactgg	1	0.0004149377593361
caggtgcagctggtgcagtctggggctgaggtgaagaagcctggggcctcagtgaaggtctcctgcaaggcttctggatacaccttcaccggctactatatgcactgggtgcgacaggcccctggacaagggcttgagtggatgggacggatcaaccctaacagtggtggcacaaactatgcacagaagtttcagggcagggtcaccagtaccagggacacgtccatcagcacagcctacatggagctgagcaggctgagatctgacgacacggtcgtgtattactgtgcgaggaggacagtcagtaactactacggtatggacgtctgggggcaagggaccacggtcaccgtctcctca	IGHV1-2	IGHD6-19	IGHJ6	tgtgcgaggaggacagtcagtaactactacggtatggacgtctgg	1	0.0004149377593361
caggtgcagctggtgcagtctggggctgaggtgaagaagcctggggcctcagtgaaggtttcctgcaaggcatctggatacaccttcaccagctactatatgcactgggtgcgacaggcccctggacaagggcttgagtggatgggaataatcaaccctagtggtggtagcacaagctacgcacagaagttccagggcagagtcaccatgaccagggacacgtccacgagcacagtctacatggagctgagcagcctgagatctgaggacacggccgtgtattactgtgcgagagactggagtagtgggccctttgactactggggccaaggaaccctggtcaccgtctcctca	IGHV1-46	IGHD2-2	IGHJ4	tgtgcgagagactggagtagtgggccctttgactactgg	1	0.0004149377593361
caggtgcagctggtgcagtctggggctgaggtgaagaagcctggggcctcagtgaaggtctcctgcaaggcttctggatacaccttcaccggctactatatgcactgggtgcgacaggcccctggacaagggcttgagtggatgggacggatcaaccctaacagtggtggcacaaactatgcacagaagtttcagggcagggtcaccagtaccagggacacgtccatcagcacagcctacatggagctgagcaggctgagatctgacgacacggtcgtgtattactgtgcgagagaggctacggtggtaactccgttcgactcctggggccaaggaaccctggtcaccgtctcctca	IGHV1-2	IGHD4-23	IGHJ5	tgtgcgagagaggctacggtggtaactccgttcgactcctgg	1	0.0004149377593361
caggttcagctggtgcagtctggagctgaggtgaagaagcctggggcctcagtgaaggtctcctgcaaggcttctggttacacctttaccagctatggtatcagctgggtgcgacaggcccctggacaagggcttgagtggatgggatggatcagcgcttacaatggtaacacaaactatgcacagaagctccagggcagagtcaccatgaccacagacacatccacgagcacagcctacatggagctgaggagcctgagatctgacgacacggccgtgtattactgtgcgagagatggggacggggtctactttgactactggggccaaggaaccctggtcaccgtctcctca	IGHV1-18	IGHD7-27	IGHJ4	tgtgcgagagatggggacggggtctactttgactactgg	1	0.0004149377593361
gaggtgcagctggtggagtctgggggaggtgtggtacggcctggggggtccctgagactctcctgtgcagcctctggattcacctttgatgattatggcatgagctgggtccgccaagctccagggaaggggctggagtgggtctctggtattaattggaatggtggtagcacaggttatgcagactctgtgaagggccgattcaccatctccagagacaacgccaagaactccctgtatctgcaaatgaacagtctgagagccgaggacacggccttgtatcactgtgcgagagagagagatggctacaattgccactttgactactggggccaaggaaccctggtcaccgtctcctca	IGHV3-20	IGHD5-24	IGHJ4	tgtgcgagagagagagatggctacaattgccactttgactactgg	1	0.0004149377593361
gaggtgcagctggtgcagtctggagcagaggtgaaaaagcccggggagtctctgaagatctcctgtaagggttctggatacagctttaccagctactggatcggctgggtgcgccagatgcccgggaaaggcctggagtggatggggatcatctatcctggtgactctgataccagatacagcccgtccttccaaggccaggtcaccatctcagccgacaagtccatcagcaccgcctacctgcagtggagcagcctgaaggcctcggacaccgccatgtattactgtgcgagacacccctccggtaggtactttgactactggggccaaggaaccctggtcaccgtctcctca	IGHV5-51	IGHD4-23	IGHJ4	tgtgcgagacacccctccggtaggtactttgactactgg	1	0.0004149377593361
gaggtgcagctgttggagtctgggggaggcttggtacagcctggggggtccctgagactctcctgtgcagcctctggattcacctttagcagctatgccatgagctgggtccgccaggctccagggaaggggctggagtgggtctcagctattagtggtagtggtggtagcacatactacgcagactccgtgaagggccggttcaccatctccagagacaattccaagaacacgctgtatctgcaaatgaacagcctgagagccgaggacacggccgtatattactgtgcgaaagaaaactgctgggggtactttgactactggggccaaggaaccctggtcaccgtctcctca	IGHV3-23	IGHD1-1	IGHJ4	tgtgcgaaagaaaactgctgggggtactttgactactgg	1	0.0004149377593361
caggtgcagctggtgcagtctggggctgaggtgaagaagcctggggcctcagtgaaggtttcctgcaaggcatctggatacaccttcaccagctactatatgcactgggtgcgacaggcccctggacaagggcttgagtggatgggaataatcaaccctagtggtggtagcacaagctacgcacagaagttccagggcagagtcaccatgaccagggacacgtccacgagcacagtctacatggagctgagcagcctgagatctgaggacacggccgtgtattactgtgcgagagacagcagctggtactactttgactactggggccaaggaaccctggtcaccgtctcctca	IGHV1-46	IGHD6-13	IGHJ4	tgtgcgagagacagcagctggtactactttgactactgg	1	0.0004149377593361
