sample_id	condition	size	richness	d1	shannon	d2	simpson	d3	d4	chao1	ace	gini	pielou	basharin	d50	source
A100seq	A	100	59	39.61822821435625	3.6792893207943425	23.696682464454977	0.0422	16.386838133611555	13.175888310755647	1284.0	337.06826434277417	0.36813559322033895	0.9023188568083428	3.9692389249782214	9	Downsampling
A100seq	A	100	100	100.00000000006726	4.605170185988764	100.0	0.01	99.99999999999999	99.99999999999997	5050.0	NA	0.0	0.9999999999999998	5.100170185988091	50	A-ChangeO
A200seq	A	200	113	65.15145367346041	4.1767146160381285	30.8641975308642	0.0324	19.80489261086036	15.745221242768523	764.4285714285714	858.5265556384124	0.4046017699115044	0.8834983131961578	4.456639163656417	15	Downsampling
A200seq	A	200	197	195.88419644880267	5.277523650174182	194.17475728155338	0.00515	191.56525704423026	187.68729371933944	4877.25	6566.666666666661	0.014771573604060896	0.998924747577715	5.767522951131238	97	A-ChangeO
A400seq	A	400	217	100.23475184823971	4.607514953353666	35.118525021949075	0.028475000000000004	21.434091281134243	16.979086032264814	2050.6	2227.6592918931083	0.4376036866359446	0.8564105497385628	4.8774008500826245	21	Downsampling
A400seq	A	400	394	391.7683928979906	5.97067083073511	388.34951456310677	0.002575	383.13051408846053	375.3745874386788	11119.42857142857	13133.333333333321	0.014771573604060896	0.9990494571532083	6.461920131691183	194	A-ChangeO
A800seq	A	800	770	754.8053489728018	6.6264599000787205	725.6235827664399	0.001378125	669.5791605098995	580.4895735062369	14701.55	17159.06399553374	0.03660714285714286	0.9970008790282195	7.107082185668006	370	A-ChangeO
A800seq	A	800	421	155.55462031991567	5.046996926019943	39.2349190779794	0.025487500000000003	22.851197655624915	17.97181877800654	5247.0	5280.028679521604	0.4599940617577198	0.8352051145209445	5.309337847863713	31	Downsampling
A1600seq	A	1600	825	240.0978795572307	5.481046671689795	42.93573057829062	0.023290625000000002	24.49854855782387	19.36905612612412	11017.5	12165.621832118497	0.4748378787878788	0.8161608929427513	5.738333301043831	47	Downsampling
A1600seq	A	1600	1522	1475.4145695818515	7.296694293406088	1377.8256189451022	0.0007257812500000001	1191.7422763581737	952.0719700315708	30782.972972972973	35926.54784240153	0.047610873850197036	0.995757148061601	7.772002350560027	722	A-ChangeO
A3200seq	A	3200	1524	335.1571276215375	5.814599459537511	43.11470026020395	0.0231939453125	23.786167919157542	18.471158962871165	16283.765625	17139.651399951137	0.5138500656167979	0.7933211284018975	6.052293663002426	56	Downsampling
A3200seq	A	3200	2983	2854.119562492711	7.956518690113995	2549.800796812749	0.0003921875	1877.486876316344	1171.5169730981934	39968.1376146789	44443.64888399144	0.06549761146496814	0.9944788927105577	8.422449645430433	1383	A-ChangeO
A6400seq	A	6400	5496	4689.44208624131	8.453068896206739	2456.2245142720076	0.00040712890625	892.0591684508614	498.8815346280519	57526.2	64425.24587702726	0.1359197029657933	0.9815675336980199	8.882336441043577	2296	A-ChangeO
A6400seq	A	6400	2835	447.87900896585546	6.104523126667067	42.1979181261487	0.0236978515625	23.23884036579022	18.093553255202213	26890.007407407407	29741.54791775817	0.5479993386243386	0.7678403308027041	6.325581174272133	57	Downsampling
A12800seq	A	12800	5287	617.9278729233512	6.426371740166479	44.46574612295279	0.02248922119140625	24.29398927987457	18.843557003892734	45330.663043478264	49619.480944877454	0.5775726132494797	0.7495565645259232	6.63243749208309	64	Downsampling
A12800seq	A	12800	9874	7309.767917835766	8.896966803653749	2722.752447436217	0.0003672754021180348	961.1911805049192	555.4954634428467	85313.91477272728	100143.13242342285	0.21864359592479438	0.967301645248619	9.282606153690345	3475	A-ChangeO
A25600seq	A	25600	17268	9240.652710335067	9.131367801787519	1368.4408343947716	0.0007307586669921874	445.18613364469076	273.57074025761176	142393.96656217345	174991.87603221976	0.3142019242601923	0.9359029250828019	9.468486265455637	4468	A-ChangeO
A25600seq	A	25600	9743	798.1564193994839	6.682304592526586	44.94028830741966	0.022251748657226563	24.535681220651814	19.01121462453842	81795.99032882012	90426.98499383227	0.6102238706635532	0.7275245216512659	6.872080071835509	62	Downsampling
A51200seq	A	51200	17888	1005.7554447341466	6.913494224421156	45.48770389681421	0.021983963012695312	24.982585838611875	19.420746610096252	141827.73731343285	166545.3286813109	0.6416529936270124	0.7059838550815468	7.087590720608208	62	Downsampling
A51200seq	A	51200	28960	9424.777796565337	9.151097436077057	642.0157855379125	0.0015575941005284638	224.04190556587884	144.7909557156202	253094.44436997318	291934.9473033923	0.4227255909277747	0.8907096144017119	9.433676703994514	3362	A-ChangeO
A102400seq	A	102400	32876	1251.326564602376	7.131959519248778	45.60639307987195	0.021926750450285942	25.062138753820527	19.493403258559017	250131.0291970803	288742.71757428517	0.67013045030121	0.6856681866397468	7.2918225993158785	62	A-ChangeO
A102400seq	A	102400	32877	1251.5915147374112	7.132171232239476	45.61173090623841	0.021924184417724608	25.064341640619244	19.49492628480081	250132.0291970803	288677.72769961	0.6701345622747287	0.685686539197506	7.2920298081415975	63	Downsampling
B100seq	B	100	97	96.26596550825703	4.567114834822552	95.15533980582524	0.010509131721252934	93.49562787870046	91.11272152375406	1585.3333333333333	2400.7499999999977	0.019785483703009452	0.9983393322345865	5.051962388293784	48	A-ChangeO
B100seq	B	100	98	97.26558446392124	4.577445221216677	96.15384615384615	0.010400000000000001	94.4911182523068	92.10078746600963	1618.0	2449.9999999999977	0.019591836734693894	0.9983591639548421	5.062444298765693	48	Downsampling
B200seq	B	200	200	199.99999999992943	5.298317366547684	200.0	0.005	199.99999999999997	199.99999999999994	20100.0	NA	0.0	1.0	5.795817366548036	100	A-ChangeO
B200seq	B	200	192	188.22455617673842	5.237635697793379	181.8181818181818	0.0055000000000000005	171.49858514250883	157.1837294294019	3633.0	3748.1078863706343	0.03895833333333328	0.9962221057829433	5.715133110665596	92	Downsampling
B400seq	B	400	399	398.61615276948874	5.9879989307145	398.00995024875624	0.0025125	397.0333335883721	395.4393419370464	39900.5	79799.99999999993	0.0024937343358396105	0.9998392700140016	6.485498811205182	199	A-ChangeO
B400seq	B	400	376	363.8725963000938	5.896803796204309	341.88034188034186	0.002925	304.9971406652093	257.4638358948345	5319.153846153846	5639.92670552049	0.05789893617021272	0.9944701447456048	6.365549373708915	176	Downsampling
B800seq	B	800	723	683.0725973068537	6.526601145733129	613.0268199233716	0.00163125	512.1475197315839	412.8690434696569	7004.333333333333	7685.155207106414	0.09142461964038731	0.9913698492943761	6.97784340841474	323	Downsampling
B800seq	B	800	789	784.8956842495043	6.665550822645877	778.588807785888	0.0012843750000000001	768.9109301315403	754.4037833922963	25976.75	28690.909090909125	0.013558301647655249	0.9992180597561865	7.158050180202529	389	A-ChangeO
B1600seq	B	1600	1558	1541.3114772377667	7.340388941590768	1514.792899408284	0.00066015625	1472.9193886373173	1409.9762843579779	32718.027027027027	33254.34912595402	0.02563623234916565	0.9985348383043843	7.826950090978917	758	A-ChangeO
B1600seq	B	1600	1360	1210.5932618166562	7.098865817455525	945.3471196454949	0.0010578125	654.0836034873145	471.30480320525527	12729.79411764706	14484.189284863529	0.1420863970588235	0.9838687170974345	7.523536401423302	560	Downsampling
B3200seq	B	3200	2577	2118.3379195609486	7.658387059970071	1314.5057766367138	0.0007607421874999999	728.331571605434	491.6822294029926	20941.5	26269.799974107438	0.18507494179278236	0.9750425647466507	8.060856000132386	977	Downsampling
B3200seq	B	3200	3065	3005.937854715909	8.008344896352012	2907.4389551391255	0.0003439453125	2747.7682607429874	2517.743680529161	49931.967741935485	49236.01642445197	0.040866843393148465	0.9975758672656629	8.487092388700773	1465	A-ChangeO
B6400seq	B	6400	5936	5695.198380842461	8.647378709487485	5204.932121520274	0.00019212546420450081	4217.184200933839	2951.800028276121	69308.66532258064	74647.69756181151	0.06930904698299814	0.9952331826509818	9.111117241244369	2737	A-ChangeO
B6400seq	B	6400	4848	3605.0209274359804	8.190082854816202	1653.7467700258396	0.0006046875000000001	762.4638341692897	495.28502504147787	36835.32081911263	43760.287672207196	0.23064163056930698	0.9650862884545098	8.568704420847032	1648	Downsampling
B12800seq	B	12800	11060	10057.861314054155	9.216109828016261	8001.407132388861	0.00012497801742297355	4989.915844322313	2956.5868130738463	83200.06151645207	98271.900775879	0.12753272649122674	0.9897977080235648	9.64815551029868	4661	A-ChangeO
B12800seq	B	12800	9035	5919.875764350735	8.686070741906283	1892.9660781957666	0.000528271484375	769.4036869578041	490.85333323291377	63298.536082474224	71586.10310676257	0.27962034795240737	0.9535763601432142	9.038885336031587	2635	Downsampling
B25600seq	B	25600	16613	9300.397911785596	9.137812464439548	2079.530887075279	0.0004808776855468749	790.4599330592363	497.50836146468157	116118.46666666666	125803.34636797814	0.33405928339252394	0.9402922736047211	9.462157774951486	3813	Downsampling
B25600seq	B	25600	19766	15667.461389422147	9.659341317721909	8318.586251555398	0.00012021273444306974	3587.728831347202	2063.683664676492	136646.1826554106	157628.4711696446	0.2138218555758413	0.9765040675229644	10.045398901027891	6968	A-ChangeO
B51200seq	B	51200	29960	13768.858078515244	9.530164660071566	2129.8563705409297	0.00046951522827148444	777.9051690073707	488.7813239158077	185230.721404841	205776.53972284356	0.3945848814043725	0.9245605029262148	9.822585246042786	4370	Downsampling
B51200seq	B	51200	33312	19816.909809632387	9.894290882995348	4878.114467787324	0.0002049972395284099	1671.7955780729344	982.9165459023676	198984.49430431245	229055.43695810728	0.3292584158306977	0.9501159884110727	10.219525338862114	7714	A-ChangeO
B102400seq	B	102400	53726	19589.486544316784	9.882748300504069	2166.592144880271	0.00046155433654785147	781.7321087041712	492.40533044830016	317190.75423728814	349970.99643717427	0.45313641025469503	0.90735122355254	10.14488317391243	5477	Downsampling
B102400seq	B	102400	53725	19588.607383201448	9.882703420264765	2166.282274627848	0.00046162035839571874	781.640615146062	492.3540396241932	317189.75423728814	349959.6244929491	0.453111411791238	0.9073486522162794	10.144853892076938	5478	A-ChangeO
C100seq	C	100	100	100.00000000006726	4.605170185988764	100.0	0.01	99.99999999999999	99.99999999999997	5050.0	NA	0.0	0.9999999999999998	5.100170185988091	50	A-ChangeO
C100seq	C	100	91	87.81001327695105	4.475175540572793	83.33333333333333	0.012	77.61505257063328	71.2902776239187	516.375	575.0375729614481	0.08285714285714292	0.9920883604520081	4.925171212049656	41	Downsampling
C200seq	C	200	169	154.63024880911365	5.041036775547117	133.33333333333331	0.0075000000000000015	109.43513103291656	90.31364848782552	1028.6153846153848	1095.0954773869348	0.1424852071005918	0.9826753830542729	5.461025184716654	69	Downsampling
C200seq	C	200	198	197.24663376911073	5.284454893771036	196.078431372549	0.0051	194.25717247145283	191.45279541171115	6568.0	9899.99999999999	0.009898989898989938	0.9992790440165809	5.7769544229368375	98	A-ChangeO
C400seq	C	400	312	264.26642419725476	5.576957776829292	190.9307875894988	0.0052375	126.68127104390727	92.29082231603277	1545.7241379310344	1915.7549354005168	0.2012660256410257	0.9710832434532034	5.965684162780119	112	Downsampling
C400seq	C	400	395	393.12846961030164	5.974136453133537	390.2439024390244	0.0025625	385.79425773632966	379.0653046069715	13037.5	15799.999999999985	0.012341772151898734	0.9992055547648989	6.466635867593983	195	A-ChangeO
C800seq	C	800	784	778.1246757115471	6.6568867628967405	769.2307692307692	0.0013000000000000002	755.9289460184544	736.8062997280771	18109.176470588234	19599.99999999998	0.019591836734693894	0.9988711407295222	7.146260840445529	384	A-ChangeO
C800seq	C	800	547	408.22146039048346	6.011809822218915	249.60998439937595	0.00400625	159.14293600388515	119.40536717114733	3788.0	3334.4657596688203	0.2893784277879341	0.9535756846829778	6.35301908331832	147	Downsampling
C1600seq	C	1600	1554	1528.923831909912	7.332319389063574	1476.3552479815455	0.00067734375	1360.7784178001991	1152.7798681427807	42784.0	50166.97936210122	0.028261743886743917	0.9977859116915507	7.81762960919175	754	A-ChangeO
C1600seq	C	1600	1026	666.2517242537432	6.501667563474819	322.25579053373616	0.003103125	186.67224099042522	136.01066435559238	9876.622222222222	8515.116314304989	0.33611354775828456	0.937719283853892	6.821916974344291	226	Downsampling
C3200seq	C	3200	1908	1004.8327602508646	6.912576398935294	354.8163548163548	0.002818359375	194.31155631204427	141.6862410997122	23538.641791044774	21351.697879510146	0.38629291142557654	0.9150980072305744	7.21044600766942	308	Downsampling
C3200seq	C	3200	2995	2868.789361946646	7.961645394654731	2587.1652349671554	0.0003865234375	2041.5426053883552	1445.8787372739876	44021.8	54236.74787397187	0.062139607679465844	0.9946206034522391	8.429451557636638	1395	A-ChangeO
C6400seq	C	6400	5613	5080.6158689920185	8.53318776727782	3966.5120155038762	0.0002521106695482851	2536.3263561979616	1653.0100044238293	61733.38271604938	70682.34797092492	0.11750275827221301	0.9884547806807542	8.971747131242896	2414	A-ChangeO
C6400seq	C	6400	3607	1515.4262102413427	7.323452005270455	380.3863298662704	0.00262890625	197.7488521516171	142.38291599993488	49739.379310344826	48275.033981301014	0.4231730835874687	0.8941079920327066	7.6050279956921365	407	Downsampling
C12800seq	C	12800	6737	2142.567900627613	7.669760342211339	387.39088080353343	0.0025813720703125	200.924496068956	147.47291149951576	82517.36	97923.01000551367	0.4633578094849341	0.870021643919621	7.932687699995505	459	Downsampling
C12800seq	C	12800	10204	7975.590512658946	8.98414097038629	3757.8305878034234	0.00026611098521728017	1600.435987859938	999.0116317880475	90650.90485074627	109791.56940184376	0.19412946052122876	0.9733019323965967	9.38271460110177	3805	A-ChangeO
C25600seq	C	25600	17494	9622.941848399241	9.171905302357704	1813.0765628891656	0.0005515486882729787	683.4379220116484	438.7665620402115	143182.50715746422	167603.67465901544	0.30567376186826656	0.9388075195483346	9.513499925519266	4696	A-ChangeO
C25600seq	C	25600	12725	3031.499561119135	8.016812680738274	394.4287896423924	0.0025353118896484375	202.88164023815094	148.84628069086838	130030.78534031413	163841.43691545524	0.4943818332514734	0.8481935597312762	8.265067638226027	538	Downsampling
C51200seq	C	51200	24116	4283.142398969882	8.362442224545731	406.38536476924884	0.0024607185363769526	207.09931860165693	151.75894148778264	235254.91124780316	283452.7751335201	0.5214102508448749	0.8287007221767393	8.597611077730072	626	Downsampling
C51200seq	C	51200	28711	8543.043357119568	9.05287258830198	726.9844641289468	0.0013755452136080693	304.1834472411238	206.75621410741155	234997.19196988706	275684.64819869096	0.4288637790310926	0.8818885797182493	9.333016145610232	3114	A-ChangeO
C102400seq	C	102400	45011	5793.142135804154	8.66443010658091	404.89031991335264	0.002469804662689891	204.60883840125342	149.4861354846067	385644.79600333056	457865.95092251024	0.5525654105089619	0.8086138134824988	8.883829290385622	668	A-ChangeO
C102400seq	C	102400	45012	5794.118862978551	8.664598692958108	404.9979888682099	0.0024691480636596674	204.65079541834075	149.51338985037884	385645.79600333056	457866.95092251024	0.5526107851274381	0.8086278761403931	8.88397276321889	668	Downsampling
D100seq	D	100	82	74.60634664654955	4.312225579281996	64.93506493506493	0.015400000000000002	55.21576303742327	47.68952824435455	437.0	415.5334558426115	0.1617073170731708	0.9785542548752688	4.717213869451177	32	Downsampling
D100seq	D	100	100	100.00000000006726	4.605170185988764	100.0	0.01	99.99999999999999	99.99999999999997	5050.0	NA	0.0	0.9999999999999998	5.100170185988091	50	A-ChangeO
D200seq	D	200	198	197.24663376911073	5.284454893771036	196.078431372549	0.0051	194.25717247145283	191.45279541171115	6568.0	9899.99999999999	0.009898989898989938	0.9992790440165809	5.7769544229368375	98	A-ChangeO
D200seq	D	200	157	132.32330698424488	4.885248223286573	96.6183574879227	0.010350000000000002	66.51901052377393	49.878199994398045	1116.1	1320.3950415879447	0.1996178343949045	0.9661761982411567	5.2752243495842235	57	Downsampling
D400seq	D	400	383	373.4670629602183	5.9228298158388935	353.98230088495575	0.002825	316.2277660168379	262.70505092053236	6622.545454545455	8973.31080376327	0.041501305483028675	0.9957618408998702	6.400326270563359	183	A-ChangeO
D400seq	D	400	288	207.25800168262896	5.333964402112703	113.96011396011396	0.008775	70.8881205008336	54.79766664392698	2515.4	3360.438228514786	0.26619791666666676	0.9418951789015301	5.6926651745499415	88	Downsampling
D800seq	D	800	531	327.28040061296144	5.790817297688353	133.66750208855473	0.00748125	74.72720361622096	56.08423589010259	4380.241379310344	5623.911895793475	0.321454802259887	0.9228621712413132	6.1219905029458666	131	Downsampling
D800seq	D	800	779	770.4037921655844	6.646914782805114	756.5011820330968	0.0013218750000000001	734.1303483857976	700.0330434839715	16802.333333333336	17422.453066332884	0.025664313222079526	0.9983331860723613	7.133163380329119	379	A-ChangeO
D1600seq	D	1600	996	514.7207080337669	6.243624439060501	158.18091942659416	0.006321875	85.3125575157166	64.50026052755905	11618.394736842105	11816.988585086674	0.3644791666666667	0.9043660899274004	6.5544524131887965	196	Downsampling
D1600seq	D	1600	1525	1487.197954884411	7.304649061261326	1417.4972314507197	0.00070546875	1294.0520575767903	1117.3493295236988	27232.5	28019.485551250567	0.04554672131147541	0.9965750518021497	7.780895676053336	725	A-ChangeO
D3200seq	D	3200	1863	770.6207978094028	6.647196420939463	167.91840215145453	0.0059552734375	86.53782230811132	64.56871255061768	21172.391891891893	23526.555424386446	0.4066307702630166	0.88274798345381	6.937979825919938	263	Downsampling
D3200seq	D	3200	2905	2686.7093585363696	7.896072436980398	2140.4682274247493	0.00046718749999999994	1336.5276462346694	857.8681667979043	35395.38793103448	49103.068339347185	0.08913640275387258	0.9902022910792135	8.349809889824913	1305	A-ChangeO
D6400seq	D	6400	3505	1110.1798137614192	7.0122772755663645	168.3532129322888	0.005939892578125	85.59313425680558	63.94797172666705	35195.75	43012.855007694554	0.4430475213980028	0.8591168634831892	7.285815275159331	313	Downsampling
D6400seq	D	6400	5453	4709.420884870861	8.457320225071095	2780.1143710948113	0.00035969743201830906	1083.2216031173868	578.5573965206448	49020.864583333336	57520.491043685266	0.14103509905070163	0.9829581882495351	8.883365436683508	2254	A-ChangeO
D12800seq	D	12800	9760	6946.088808709654	8.845934018812502	1891.0870518710035	0.00052879638671875	551.2207901649386	303.9855439922714	75845.1551724138	90276.58904646017	0.22686926869877047	0.9629677161781398	9.227078292042194	3360	A-ChangeO
D12800seq	D	12800	6575	1607.19254539725	7.382244175235395	177.80980515153553	0.005623986816406251	88.9885215201717	65.87577897634223	64218.23529411765	71102.1751142428	0.47734265684410654	0.8397165540627705	7.638770173221567	405	Downsampling
D25600seq	D	25600	16710	7878.286696399465	8.971865734897044	803.9701100858678	0.0012438273356868894	270.15392161987796	170.72180057427465	119150.92964352721	140266.57192181563	0.3347837167954902	0.9226573698681182	9.298061650360939	3911	A-ChangeO
D25600seq	D	25600	12180	2208.6579149868016	7.700140331757138	181.14606062046724	0.005520407104492188	90.31860104865373	66.74675493199871	102872.52054794521	124061.1909893335	0.515197480500821	0.8184703874441757	7.937672630158919	417	Downsampling
D51200seq	D	51200	22723	2997.1750193215457	8.005425463783578	180.72569905872953	0.005533247375488281	89.90454273002788	66.41125762090293	191376.40689089417	221107.78830743674	0.5472527921186684	0.798016444628893	8.226903548792716	461	Downsampling
D51200seq	D	51200	27111	6583.792462699759	8.79236622039894	375.43791022310864	0.0026635562706113975	157.73706205808892	109.32318462454194	191368.3867595819	219930.68386142157	0.4580701682444721	0.8613160215082367	9.056817877168754	2420	A-ChangeO
D102400seq	D	102400	41962	3978.849933899527	8.288748095189336	180.48083099858943	0.005540754630101496	89.09434430269911	65.60882107576415	306443.58249419054	360905.5960977488	0.5805445687608612	0.7786401941116637	8.49315661013825	474	A-ChangeO
D102400seq	D	102400	41963	3979.5671289062	8.288928330782158	180.51230861831553	0.005539788436889648	89.10609118950406	65.61651039756728	306444.58249419054	361034.35756895563	0.580565669458809	0.7786553867616174	8.493323758104237	474	Downsampling
E100seq	E	100	100	100.00000000006726	4.605170185988764	100.0	0.01	99.99999999999999	99.99999999999997	5050.0	NA	0.0	0.9999999999999998	5.100170185988091	50	A-ChangeO
E100seq	E	100	71	59.776118681550265	4.090606228042547	48.07692307692307	0.020800000000000003	39.52847075210474	34.36527040296267	401.6	285.62152133580696	0.2507042253521126	0.9596277319244908	4.440585822325325	21	Downsampling
E200seq	E	200	134	102.62573752183957	4.631088754317679	69.93006993006993	0.014299999999999998	50.04694102113484	40.04275791603888	744.5	693.439836963364	0.29582089552238794	0.9455299757887093	4.963554347464562	34	Downsampling
E200seq	E	200	199	199.00000000009675	5.293304824724979	199.0	0.005025125628140704	199.0	198.99999999999994	19900.0	NA	0.0	1.0	5.790792261910422	100	A-ChangeO
E400seq	E	400	395	393.12846961030164	5.974136453133537	390.2439024390244	0.0025625	385.79425773632966	379.0653046069715	13037.5	15799.999999999985	0.012341772151898734	0.9992055547648989	6.466635867593983	195	A-ChangeO
E400seq	E	400	230	149.57490442571537	5.007797300303572	84.29926238145417	0.011862499999999998	56.75329139838122	45.20554850006123	1305.3125	1257.748615717116	0.38315217391304346	0.9208658067326289	5.293991289887575	37	Downsampling
E800seq	E	800	778	769.0699812014423	6.6451819682278686	754.7169811320755	0.001325	731.8229659941571	697.3182066235507	15878.157894736842	16447.94768971419	0.026850899742930572	0.9982655120713259	7.1308055123777185	378	A-ChangeO
E800seq	E	800	420	232.31185266789007	5.448080661582305	110.99549080818592	0.009009375	71.59141249868799	56.14373438432977	4074.5882352941176	2926.4501142245285	0.4376011904761905	0.9019492070817132	5.709877947408246	46	Downsampling
E1600seq	E	1600	752	317.03621098652707	5.759015997594914	115.65916689256348	0.00864609375	70.00956372718281	53.22144150894944	8331.5	7547.347698390633	0.5007313829787233	0.869564900700438	5.993586553900626	49	Downsampling
E1600seq	E	1600	1506	1463.1473827630932	7.28834513604399	1389.7937024972855	0.00071953125	1270.88235326326	1111.6989202842794	18302.655737704918	19207.51319915084	0.05638529216467463	0.9960543638039253	7.758653850227048	706	A-ChangeO
E3200seq	E	3200	2832	2546.7076683789383	7.842556693511648	1831.8425760286223	0.0005458984375	993.024118735901	615.1366258425614	29770.315384615384	38139.216795202636	0.11068392478813555	0.9866394660703014	8.284882814989773	1232	A-ChangeO
E3200seq	E	3200	1356	396.5328589293597	5.982758910098572	109.38768533948638	0.009141796875	66.18720662225074	51.17611468264193	27039.103448275862	20257.945034963537	0.5566035213864307	0.8294984603247021	6.194305907029398	46	Downsampling
E6400seq	E	6400	5233	4173.468587549716	8.336502764618094	1913.6888816189185	0.0005225509797360752	735.3755290049646	432.8997996451079	52731.79098360656	64245.96841850977	0.1753551868458808	0.9735740733384519	8.74527554411022	2034	A-ChangeO
E6400seq	E	6400	2508	499.97017393307766	6.214548444509088	108.25954803753139	0.009237060546875	66.0144163904824	51.368084234393905	53883.307692307695	49031.250109266766	0.5954014653110047	0.7939344571258405	6.410175631126293	44	Downsampling
E12800seq	E	12800	9140	5237.465365425794	8.563592951401997	909.2306206284001	0.0010998309750158504	325.24679828157383	208.26013144479427	80257.21739130435	98422.55790301548	0.27708847765121947	0.9389349428780482	8.920524937169011	2741	A-ChangeO
E12800seq	E	12800	4791	638.7869207860541	6.459570941469467	107.54170325998916	0.00929871826171875	65.8802329873395	51.775312632992346	98603.50925925926	123865.29825928455	0.6181146616050928	0.7622010095453214	6.646377590178526	43	Downsampling
E25600seq	E	25600	9139	818.9887087371363	6.70807029711229	110.58893806877724	0.009042495727539061	68.23252348549565	53.98809849213184	143992.67153284673	198183.7744148954	0.6379413605153736	0.7354680497885169	6.88617041312625	44	Downsampling
E25600seq	E	25600	14805	4394.946122385729	8.388210551201299	377.6829114471341	0.0026477237113227835	165.32639251188903	116.09296271329528	140540.99582753825	167777.79186042456	0.4136491163792638	0.8734974591126988	8.677137540960869	2007	A-ChangeO
E51200seq	E	51200	17556	1022.2476397552567	6.929759050369753	110.05241746803371	0.009086579132080077	68.20457572687985	54.16259377849631	251683.79245283018	325828.00355119305	0.6536549092012702	0.7090135515157374	7.100732082908229	44	Downsampling
E51200seq	E	51200	22991	2896.4126366048704	7.971228228371075	211.46747226745904	0.004728859664692183	112.17095955725271	84.63252485530664	240566.2237487733	293956.3906212535	0.5449374250414829	0.793680264934911	8.195373865871675	303	A-ChangeO
E102400seq	E	102400	33675	1288.3571026484178	7.16112312184564	110.25957375949675	0.009069507217407225	68.13309522470699	53.9626763315902	407373.20666162	499916.6522888759	0.6681682987657758	0.6868972854431649	7.324992136975656	44	Downsampling
E102400seq	E	102400	33674	1287.8751050240583	7.160748933813561	110.22965389869744	0.009071968972333104	68.1191234989322	53.95283961052728	407372.20666162	499915.6522888759	0.6681364144648789	0.6868633417753472	7.324635493115415	44	A-ChangeO
