clone_id	n_seq	freq	cum_freq	rank
266	4	0.004004004004004004	0.004004004004004004	1
765	3	0.003003003003003003	0.007007007007007007	2
969	3	0.003003003003003003	0.01001001001001001	3
22	2	0.002002002002002002	0.012012012012012012	4
24	2	0.002002002002002002	0.014014014014014014	5
56	2	0.002002002002002002	0.016016016016016016	6
84	2	0.002002002002002002	0.018018018018018018	7
270	2	0.002002002002002002	0.02002002002002002	8
296	2	0.002002002002002002	0.022022022022022022	9
300	2	0.002002002002002002	0.024024024024024024	10
311	2	0.002002002002002002	0.026026026026026026	11
327	2	0.002002002002002002	0.028028028028028028	12
338	2	0.002002002002002002	0.03003003003003003	13
341	2	0.002002002002002002	0.03203203203203203	14
351	2	0.002002002002002002	0.03403403403403403	15
467	2	0.002002002002002002	0.036036036036036036	16
472	2	0.002002002002002002	0.03803803803803804	17
486	2	0.002002002002002002	0.04004004004004004	18
547	2	0.002002002002002002	0.04204204204204204	19
645	2	0.002002002002002002	0.044044044044044044	20
657	2	0.002002002002002002	0.04604604604604605	21
773	2	0.002002002002002002	0.04804804804804805	22
795	2	0.002002002002002002	0.050050050050050046	23
822	2	0.002002002002002002	0.05205205205205205	24
853	2	0.002002002002002002	0.05405405405405406	25
1	1	0.001001001001001001	0.055055055055055056	26
2	1	0.001001001001001001	0.056056056056056056	27
3	1	0.001001001001001001	0.057057057057057055	28
4	1	0.001001001001001001	0.058058058058058054	29
5	1	0.001001001001001001	0.05905905905905906	30
6	1	0.001001001001001001	0.06006006006006006	31
7	1	0.001001001001001001	0.06106106106106106	32
8	1	0.001001001001001001	0.062062062062062065	33
9	1	0.001001001001001001	0.06306306306306306	34
10	1	0.001001001001001001	0.06406406406406406	35
11	1	0.001001001001001001	0.06506506506506507	36
12	1	0.001001001001001001	0.06606606606606606	37
13	1	0.001001001001001001	0.06706706706706707	38
14	1	0.001001001001001001	0.06806806806806806	39
15	1	0.001001001001001001	0.06906906906906907	40
16	1	0.001001001001001001	0.07007007007007007	41
17	1	0.001001001001001001	0.07107107107107107	42
18	1	0.001001001001001001	0.07207207207207207	43
19	1	0.001001001001001001	0.07307307307307308	44
20	1	0.001001001001001001	0.07407407407407407	45
21	1	0.001001001001001001	0.07507507507507508	46
23	1	0.001001001001001001	0.07607607607607608	47
25	1	0.001001001001001001	0.07707707707707707	48
26	1	0.001001001001001001	0.07807807807807808	49
27	1	0.001001001001001001	0.07907907907907907	50
28	1	0.001001001001001001	0.08008008008008008	51
29	1	0.001001001001001001	0.08108108108108109	52
30	1	0.001001001001001001	0.08208208208208208	53
31	1	0.001001001001001001	0.08308308308308308	54
32	1	0.001001001001001001	0.08408408408408408	55
33	1	0.001001001001001001	0.08508508508508508	56
34	1	0.001001001001001001	0.08608608608608609	57
35	1	0.001001001001001001	0.08708708708708708	58
36	1	0.001001001001001001	0.08808808808808809	59
37	1	0.001001001001001001	0.0890890890890891	60
38	1	0.001001001001001001	0.09009009009009009	61
39	1	0.001001001001001001	0.09109109109109109	62
40	1	0.001001001001001001	0.0920920920920921	63
41	1	0.001001001001001001	0.09309309309309309	64
42	1	0.001001001001001001	0.0940940940940941	65
43	1	0.001001001001001001	0.09509509509509509	66
44	1	0.001001001001001001	0.0960960960960961	67
45	1	0.001001001001001001	0.0970970970970971	68
46	1	0.001001001001001001	0.0980980980980981	69
47	1	0.001001001001001001	0.0990990990990991	70
48	1	0.001001001001001001	0.10010010010010009	71
49	1	0.001001001001001001	0.1011011011011011	72
50	1	0.001001001001001001	0.1021021021021021	73
51	1	0.001001001001001001	0.1031031031031031	74
52	1	0.001001001001001001	0.1041041041041041	75
53	1	0.001001001001001001	0.10510510510510511	76
54	1	0.001001001001001001	0.1061061061061061	77
55	1	0.001001001001001001	0.10710710710710711	78
57	1	0.001001001001001001	0.10810810810810811	79
58	1	0.001001001001001001	0.1091091091091091	80
59	1	0.001001001001001001	0.11011011011011011	81
60	1	0.001001001001001001	0.1111111111111111	82
61	1	0.001001001001001001	0.11211211211211211	83
62	1	0.001001001001001001	0.11311311311311312	84
63	1	0.001001001001001001	0.11411411411411411	85
64	1	0.001001001001001001	0.11511511511511512	86
65	1	0.001001001001001001	0.11611611611611611	87
66	1	0.001001001001001001	0.11711711711711711	88
67	1	0.001001001001001001	0.11811811811811812	89
68	1	0.001001001001001001	0.11911911911911911	90
69	1	0.001001001001001001	0.12012012012012012	91
70	1	0.001001001001001001	0.12112112112112113	92
71	1	0.001001001001001001	0.12212212212212212	93
72	1	0.001001001001001001	0.12312312312312312	94
73	1	0.001001001001001001	0.12412412412412413	95
74	1	0.001001001001001001	0.12512512512512514	96
75	1	0.001001001001001001	0.12612612612612611	97
76	1	0.001001001001001001	0.12712712712712712	98
77	1	0.001001001001001001	0.12812812812812813	99
78	1	0.001001001001001001	0.12912912912912913	100
79	1	0.001001001001001001	0.13013013013013014	101
80	1	0.001001001001001001	0.13113113113113112	102
81	1	0.001001001001001001	0.13213213213213212	103
82	1	0.001001001001001001	0.13313313313313313	104
83	1	0.001001001001001001	0.13413413413413414	105
85	1	0.001001001001001001	0.13513513513513514	106
86	1	0.001001001001001001	0.13613613613613612	107
87	1	0.001001001001001001	0.13713713713713713	108
88	1	0.001001001001001001	0.13813813813813813	109
89	1	0.001001001001001001	0.13913913913913914	110
90	1	0.001001001001001001	0.14014014014014015	111
91	1	0.001001001001001001	0.14114114114114115	112
92	1	0.001001001001001001	0.14214214214214213	113
93	1	0.001001001001001001	0.14314314314314314	114
94	1	0.001001001001001001	0.14414414414414414	115
95	1	0.001001001001001001	0.14514514514514515	116
96	1	0.001001001001001001	0.14614614614614616	117
97	1	0.001001001001001001	0.14714714714714713	118
98	1	0.001001001001001001	0.14814814814814814	119
99	1	0.001001001001001001	0.14914914914914915	120
100	1	0.001001001001001001	0.15015015015015015	121
101	1	0.001001001001001001	0.15115115115115116	122
102	1	0.001001001001001001	0.15215215215215216	123
103	1	0.001001001001001001	0.15315315315315314	124
104	1	0.001001001001001001	0.15415415415415415	125
105	1	0.001001001001001001	0.15515515515515516	126
106	1	0.001001001001001001	0.15615615615615616	127
107	1	0.001001001001001001	0.15715715715715717	128
108	1	0.001001001001001001	0.15815815815815815	129
109	1	0.001001001001001001	0.15915915915915915	130
110	1	0.001001001001001001	0.16016016016016016	131
111	1	0.001001001001001001	0.16116116116116116	132
112	1	0.001001001001001001	0.16216216216216217	133
113	1	0.001001001001001001	0.16316316316316315	134
114	1	0.001001001001001001	0.16416416416416416	135
115	1	0.001001001001001001	0.16516516516516516	136
116	1	0.001001001001001001	0.16616616616616617	137
117	1	0.001001001001001001	0.16716716716716717	138
118	1	0.001001001001001001	0.16816816816816815	139
119	1	0.001001001001001001	0.16916916916916916	140
120	1	0.001001001001001001	0.17017017017017017	141
121	1	0.001001001001001001	0.17117117117117117	142
122	1	0.001001001001001001	0.17217217217217218	143
123	1	0.001001001001001001	0.17317317317317318	144
124	1	0.001001001001001001	0.17417417417417416	145
125	1	0.001001001001001001	0.17517517517517517	146
126	1	0.001001001001001001	0.17617617617617617	147
127	1	0.001001001001001001	0.17717717717717718	148
128	1	0.001001001001001001	0.1781781781781782	149
129	1	0.001001001001001001	0.17917917917917917	150
130	1	0.001001001001001001	0.18018018018018017	151
131	1	0.001001001001001001	0.18118118118118118	152
132	1	0.001001001001001001	0.18218218218218218	153
133	1	0.001001001001001001	0.1831831831831832	154
134	1	0.001001001001001001	0.1841841841841842	155
135	1	0.001001001001001001	0.18518518518518517	156
136	1	0.001001001001001001	0.18618618618618618	157
137	1	0.001001001001001001	0.1871871871871872	158
138	1	0.001001001001001001	0.1881881881881882	159
139	1	0.001001001001001001	0.1891891891891892	160
140	1	0.001001001001001001	0.19019019019019018	161
141	1	0.001001001001001001	0.19119119119119118	162
142	1	0.001001001001001001	0.1921921921921922	163
143	1	0.001001001001001001	0.1931931931931932	164
144	1	0.001001001001001001	0.1941941941941942	165
145	1	0.001001001001001001	0.19519519519519518	166
146	1	0.001001001001001001	0.1961961961961962	167
147	1	0.001001001001001001	0.1971971971971972	168
148	1	0.001001001001001001	0.1981981981981982	169
149	1	0.001001001001001001	0.1991991991991992	170
150	1	0.001001001001001001	0.20020020020020018	171
151	1	0.001001001001001001	0.2012012012012012	172
152	1	0.001001001001001001	0.2022022022022022	173
153	1	0.001001001001001001	0.2032032032032032	174
154	1	0.001001001001001001	0.2042042042042042	175
155	1	0.001001001001001001	0.20520520520520522	176
156	1	0.001001001001001001	0.2062062062062062	177
157	1	0.001001001001001001	0.2072072072072072	178
158	1	0.001001001001001001	0.2082082082082082	179
159	1	0.001001001001001001	0.2092092092092092	180
160	1	0.001001001001001001	0.21021021021021022	181
161	1	0.001001001001001001	0.2112112112112112	182
162	1	0.001001001001001001	0.2122122122122122	183
163	1	0.001001001001001001	0.2132132132132132	184
164	1	0.001001001001001001	0.21421421421421422	185
165	1	0.001001001001001001	0.21521521521521522	186
166	1	0.001001001001001001	0.21621621621621623	187
167	1	0.001001001001001001	0.2172172172172172	188
168	1	0.001001001001001001	0.2182182182182182	189
169	1	0.001001001001001001	0.21921921921921922	190
170	1	0.001001001001001001	0.22022022022022023	191
171	1	0.001001001001001001	0.22122122122122123	192
172	1	0.001001001001001001	0.2222222222222222	193
173	1	0.001001001001001001	0.22322322322322322	194
174	1	0.001001001001001001	0.22422422422422422	195
175	1	0.001001001001001001	0.22522522522522523	196
176	1	0.001001001001001001	0.22622622622622623	197
177	1	0.001001001001001001	0.2272272272272272	198
178	1	0.001001001001001001	0.22822822822822822	199
179	1	0.001001001001001001	0.22922922922922923	200
180	1	0.001001001001001001	0.23023023023023023	201
181	1	0.001001001001001001	0.23123123123123124	202
182	1	0.001001001001001001	0.23223223223223222	203
183	1	0.001001001001001001	0.23323323323323322	204
184	1	0.001001001001001001	0.23423423423423423	205
185	1	0.001001001001001001	0.23523523523523523	206
186	1	0.001001001001001001	0.23623623623623624	207
187	1	0.001001001001001001	0.23723723723723725	208
188	1	0.001001001001001001	0.23823823823823823	209
189	1	0.001001001001001001	0.23923923923923923	210
190	1	0.001001001001001001	0.24024024024024024	211
191	1	0.001001001001001001	0.24124124124124124	212
192	1	0.001001001001001001	0.24224224224224225	213
193	1	0.001001001001001001	0.24324324324324323	214
194	1	0.001001001001001001	0.24424424424424424	215
195	1	0.001001001001001001	0.24524524524524524	216
196	1	0.001001001001001001	0.24624624624624625	217
197	1	0.001001001001001001	0.24724724724724725	218
198	1	0.001001001001001001	0.24824824824824826	219
199	1	0.001001001001001001	0.24924924924924924	220
200	1	0.001001001001001001	0.2502502502502503	221
201	1	0.001001001001001001	0.25125125125125125	222
202	1	0.001001001001001001	0.25225225225225223	223
203	1	0.001001001001001001	0.25325325325325326	224
204	1	0.001001001001001001	0.25425425425425424	225
205	1	0.001001001001001001	0.2552552552552553	226
206	1	0.001001001001001001	0.25625625625625625	227
207	1	0.001001001001001001	0.25725725725725723	228
208	1	0.001001001001001001	0.25825825825825827	229
209	1	0.001001001001001001	0.25925925925925924	230
210	1	0.001001001001001001	0.2602602602602603	231
211	1	0.001001001001001001	0.26126126126126126	232
212	1	0.001001001001001001	0.26226226226226224	233
213	1	0.001001001001001001	0.26326326326326327	234
214	1	0.001001001001001001	0.26426426426426425	235
215	1	0.001001001001001001	0.2652652652652653	236
216	1	0.001001001001001001	0.26626626626626626	237
217	1	0.001001001001001001	0.26726726726726724	238
218	1	0.001001001001001001	0.2682682682682683	239
219	1	0.001001001001001001	0.26926926926926925	240
220	1	0.001001001001001001	0.2702702702702703	241
221	1	0.001001001001001001	0.27127127127127126	242
222	1	0.001001001001001001	0.27227227227227224	243
223	1	0.001001001001001001	0.2732732732732733	244
224	1	0.001001001001001001	0.27427427427427425	245
225	1	0.001001001001001001	0.2752752752752753	246
226	1	0.001001001001001001	0.27627627627627627	247
227	1	0.001001001001001001	0.2772772772772773	248
228	1	0.001001001001001001	0.2782782782782783	249
229	1	0.001001001001001001	0.27927927927927926	250
230	1	0.001001001001001001	0.2802802802802803	251
231	1	0.001001001001001001	0.28128128128128127	252
232	1	0.001001001001001001	0.2822822822822823	253
233	1	0.001001001001001001	0.2832832832832833	254
234	1	0.001001001001001001	0.28428428428428426	255
235	1	0.001001001001001001	0.2852852852852853	256
236	1	0.001001001001001001	0.2862862862862863	257
237	1	0.001001001001001001	0.2872872872872873	258
238	1	0.001001001001001001	0.2882882882882883	259
239	1	0.001001001001001001	0.28928928928928926	260
240	1	0.001001001001001001	0.2902902902902903	261
241	1	0.001001001001001001	0.2912912912912913	262
242	1	0.001001001001001001	0.2922922922922923	263
243	1	0.001001001001001001	0.2932932932932933	264
244	1	0.001001001001001001	0.29429429429429427	265
245	1	0.001001001001001001	0.2952952952952953	266
246	1	0.001001001001001001	0.2962962962962963	267
247	1	0.001001001001001001	0.2972972972972973	268
248	1	0.001001001001001001	0.2982982982982983	269
249	1	0.001001001001001001	0.29929929929929927	270
250	1	0.001001001001001001	0.3003003003003003	271
251	1	0.001001001001001001	0.3013013013013013	272
252	1	0.001001001001001001	0.3023023023023023	273
253	1	0.001001001001001001	0.3033033033033033	274
254	1	0.001001001001001001	0.30430430430430433	275
255	1	0.001001001001001001	0.3053053053053053	276
256	1	0.001001001001001001	0.3063063063063063	277
257	1	0.001001001001001001	0.3073073073073073	278
258	1	0.001001001001001001	0.3083083083083083	279
259	1	0.001001001001001001	0.30930930930930933	280
260	1	0.001001001001001001	0.3103103103103103	281
261	1	0.001001001001001001	0.3113113113113113	282
262	1	0.001001001001001001	0.3123123123123123	283
263	1	0.001001001001001001	0.3133133133133133	284
264	1	0.001001001001001001	0.31431431431431434	285
265	1	0.001001001001001001	0.3153153153153153	286
267	1	0.001001001001001001	0.3163163163163163	287
268	1	0.001001001001001001	0.3173173173173173	288
269	1	0.001001001001001001	0.3183183183183183	289
271	1	0.001001001001001001	0.31931931931931934	290
272	1	0.001001001001001001	0.3203203203203203	291
273	1	0.001001001001001001	0.3213213213213213	292
274	1	0.001001001001001001	0.32232232232232233	293
275	1	0.001001001001001001	0.3233233233233233	294
276	1	0.001001001001001001	0.32432432432432434	295
277	1	0.001001001001001001	0.3253253253253253	296
278	1	0.001001001001001001	0.3263263263263263	297
279	1	0.001001001001001001	0.32732732732732733	298
280	1	0.001001001001001001	0.3283283283283283	299
281	1	0.001001001001001001	0.32932932932932935	300
282	1	0.001001001001001001	0.3303303303303303	301
283	1	0.001001001001001001	0.3313313313313313	302
284	1	0.001001001001001001	0.33233233233233234	303
285	1	0.001001001001001001	0.3333333333333333	304
286	1	0.001001001001001001	0.33433433433433435	305
287	1	0.001001001001001001	0.3353353353353353	306
288	1	0.001001001001001001	0.3363363363363363	307
289	1	0.001001001001001001	0.33733733733733734	308
290	1	0.001001001001001001	0.3383383383383383	309
291	1	0.001001001001001001	0.33933933933933935	310
292	1	0.001001001001001001	0.34034034034034033	311
293	1	0.001001001001001001	0.34134134134134136	312
294	1	0.001001001001001001	0.34234234234234234	313
295	1	0.001001001001001001	0.3433433433433433	314
297	1	0.001001001001001001	0.34434434434434436	315
298	1	0.001001001001001001	0.34534534534534533	316
299	1	0.001001001001001001	0.34634634634634637	317
301	1	0.001001001001001001	0.34734734734734735	318
302	1	0.001001001001001001	0.3483483483483483	319
303	1	0.001001001001001001	0.34934934934934936	320
304	1	0.001001001001001001	0.35035035035035034	321
305	1	0.001001001001001001	0.35135135135135137	322
306	1	0.001001001001001001	0.35235235235235235	323
307	1	0.001001001001001001	0.35335335335335333	324
308	1	0.001001001001001001	0.35435435435435436	325
309	1	0.001001001001001001	0.35535535535535534	326
310	1	0.001001001001001001	0.3563563563563564	327
312	1	0.001001001001001001	0.35735735735735735	328
313	1	0.001001001001001001	0.35835835835835833	329
314	1	0.001001001001001001	0.35935935935935936	330
315	1	0.001001001001001001	0.36036036036036034	331
316	1	0.001001001001001001	0.3613613613613614	332
317	1	0.001001001001001001	0.36236236236236236	333
318	1	0.001001001001001001	0.36336336336336333	334
319	1	0.001001001001001001	0.36436436436436437	335
320	1	0.001001001001001001	0.36536536536536535	336
321	1	0.001001001001001001	0.3663663663663664	337
322	1	0.001001001001001001	0.36736736736736736	338
323	1	0.001001001001001001	0.3683683683683684	339
324	1	0.001001001001001001	0.36936936936936937	340
325	1	0.001001001001001001	0.37037037037037035	341
326	1	0.001001001001001001	0.3713713713713714	342
328	1	0.001001001001001001	0.37237237237237236	343
329	1	0.001001001001001001	0.3733733733733734	344
330	1	0.001001001001001001	0.3743743743743744	345
331	1	0.001001001001001001	0.37537537537537535	346
332	1	0.001001001001001001	0.3763763763763764	347
333	1	0.001001001001001001	0.37737737737737737	348
334	1	0.001001001001001001	0.3783783783783784	349
335	1	0.001001001001001001	0.3793793793793794	350
336	1	0.001001001001001001	0.38038038038038036	351
337	1	0.001001001001001001	0.3813813813813814	352
339	1	0.001001001001001001	0.38238238238238237	353
340	1	0.001001001001001001	0.3833833833833834	354
342	1	0.001001001001001001	0.3843843843843844	355
343	1	0.001001001001001001	0.38538538538538536	356
344	1	0.001001001001001001	0.3863863863863864	357
345	1	0.001001001001001001	0.38738738738738737	358
346	1	0.001001001001001001	0.3883883883883884	359
347	1	0.001001001001001001	0.3893893893893894	360
348	1	0.001001001001001001	0.39039039039039036	361
349	1	0.001001001001001001	0.3913913913913914	362
350	1	0.001001001001001001	0.3923923923923924	363
352	1	0.001001001001001001	0.3933933933933934	364
353	1	0.001001001001001001	0.3943943943943944	365
354	1	0.001001001001001001	0.39539539539539537	366
355	1	0.001001001001001001	0.3963963963963964	367
356	1	0.001001001001001001	0.3973973973973974	368
357	1	0.001001001001001001	0.3983983983983984	369
358	1	0.001001001001001001	0.3993993993993994	370
359	1	0.001001001001001001	0.40040040040040037	371
360	1	0.001001001001001001	0.4014014014014014	372
361	1	0.001001001001001001	0.4024024024024024	373
362	1	0.001001001001001001	0.4034034034034034	374
363	1	0.001001001001001001	0.4044044044044044	375
364	1	0.001001001001001001	0.40540540540540543	376
365	1	0.001001001001001001	0.4064064064064064	377
366	1	0.001001001001001001	0.4074074074074074	378
367	1	0.001001001001001001	0.4084084084084084	379
368	1	0.001001001001001001	0.4094094094094094	380
369	1	0.001001001001001001	0.41041041041041043	381
370	1	0.001001001001001001	0.4114114114114114	382
371	1	0.001001001001001001	0.4124124124124124	383
372	1	0.001001001001001001	0.4134134134134134	384
373	1	0.001001001001001001	0.4144144144144144	385
374	1	0.001001001001001001	0.41541541541541543	386
375	1	0.001001001001001001	0.4164164164164164	387
376	1	0.001001001001001001	0.4174174174174174	388
377	1	0.001001001001001001	0.4184184184184184	389
378	1	0.001001001001001001	0.4194194194194194	390
379	1	0.001001001001001001	0.42042042042042044	391
380	1	0.001001001001001001	0.4214214214214214	392
381	1	0.001001001001001001	0.4224224224224224	393
382	1	0.001001001001001001	0.42342342342342343	394
383	1	0.001001001001001001	0.4244244244244244	395
384	1	0.001001001001001001	0.42542542542542544	396
385	1	0.001001001001001001	0.4264264264264264	397
386	1	0.001001001001001001	0.4274274274274274	398
387	1	0.001001001001001001	0.42842842842842843	399
388	1	0.001001001001001001	0.4294294294294294	400
389	1	0.001001001001001001	0.43043043043043044	401
390	1	0.001001001001001001	0.4314314314314314	402
391	1	0.001001001001001001	0.43243243243243246	403
392	1	0.001001001001001001	0.43343343343343343	404
393	1	0.001001001001001001	0.4344344344344344	405
394	1	0.001001001001001001	0.43543543543543545	406
395	1	0.001001001001001001	0.4364364364364364	407
396	1	0.001001001001001001	0.43743743743743746	408
397	1	0.001001001001001001	0.43843843843843844	409
398	1	0.001001001001001001	0.4394394394394394	410
399	1	0.001001001001001001	0.44044044044044045	411
400	1	0.001001001001001001	0.44144144144144143	412
401	1	0.001001001001001001	0.44244244244244246	413
402	1	0.001001001001001001	0.44344344344344344	414
403	1	0.001001001001001001	0.4444444444444444	415
404	1	0.001001001001001001	0.44544544544544545	416
405	1	0.001001001001001001	0.44644644644644643	417
406	1	0.001001001001001001	0.44744744744744747	418
407	1	0.001001001001001001	0.44844844844844844	419
408	1	0.001001001001001001	0.4494494494494494	420
409	1	0.001001001001001001	0.45045045045045046	421
410	1	0.001001001001001001	0.45145145145145144	422
411	1	0.001001001001001001	0.45245245245245247	423
412	1	0.001001001001001001	0.45345345345345345	424
413	1	0.001001001001001001	0.4544544544544544	425
414	1	0.001001001001001001	0.45545545545545546	426
415	1	0.001001001001001001	0.45645645645645644	427
416	1	0.001001001001001001	0.4574574574574575	428
417	1	0.001001001001001001	0.45845845845845845	429
418	1	0.001001001001001001	0.45945945945945943	430
419	1	0.001001001001001001	0.46046046046046046	431
420	1	0.001001001001001001	0.46146146146146144	432
421	1	0.001001001001001001	0.4624624624624625	433
422	1	0.001001001001001001	0.46346346346346345	434
423	1	0.001001001001001001	0.46446446446446443	435
424	1	0.001001001001001001	0.46546546546546547	436
425	1	0.001001001001001001	0.46646646646646645	437
426	1	0.001001001001001001	0.4674674674674675	438
427	1	0.001001001001001001	0.46846846846846846	439
428	1	0.001001001001001001	0.4694694694694695	440
429	1	0.001001001001001001	0.47047047047047047	441
430	1	0.001001001001001001	0.47147147147147145	442
431	1	0.001001001001001001	0.4724724724724725	443
432	1	0.001001001001001001	0.47347347347347346	444
433	1	0.001001001001001001	0.4744744744744745	445
434	1	0.001001001001001001	0.4754754754754755	446
435	1	0.001001001001001001	0.47647647647647645	447
436	1	0.001001001001001001	0.4774774774774775	448
437	1	0.001001001001001001	0.47847847847847846	449
438	1	0.001001001001001001	0.4794794794794795	450
439	1	0.001001001001001001	0.4804804804804805	451
440	1	0.001001001001001001	0.48148148148148145	452
441	1	0.001001001001001001	0.4824824824824825	453
442	1	0.001001001001001001	0.48348348348348347	454
443	1	0.001001001001001001	0.4844844844844845	455
444	1	0.001001001001001001	0.4854854854854855	456
445	1	0.001001001001001001	0.48648648648648646	457
446	1	0.001001001001001001	0.4874874874874875	458
447	1	0.001001001001001001	0.48848848848848847	459
448	1	0.001001001001001001	0.4894894894894895	460
449	1	0.001001001001001001	0.4904904904904905	461
450	1	0.001001001001001001	0.49149149149149146	462
451	1	0.001001001001001001	0.4924924924924925	463
452	1	0.001001001001001001	0.4934934934934935	464
453	1	0.001001001001001001	0.4944944944944945	465
454	1	0.001001001001001001	0.4954954954954955	466
455	1	0.001001001001001001	0.4964964964964965	467
456	1	0.001001001001001001	0.4974974974974975	468
457	1	0.001001001001001001	0.4984984984984985	469
458	1	0.001001001001001001	0.4994994994994995	470
459	1	0.001001001001001001	0.5005005005005005	471
460	1	0.001001001001001001	0.5015015015015015	472
461	1	0.001001001001001001	0.5025025025025025	473
462	1	0.001001001001001001	0.5035035035035035	474
463	1	0.001001001001001001	0.5045045045045045	475
464	1	0.001001001001001001	0.5055055055055055	476
465	1	0.001001001001001001	0.5065065065065065	477
466	1	0.001001001001001001	0.5075075075075075	478
468	1	0.001001001001001001	0.5085085085085085	479
469	1	0.001001001001001001	0.5095095095095095	480
470	1	0.001001001001001001	0.5105105105105106	481
471	1	0.001001001001001001	0.5115115115115115	482
473	1	0.001001001001001001	0.5125125125125125	483
474	1	0.001001001001001001	0.5135135135135135	484
475	1	0.001001001001001001	0.5145145145145145	485
476	1	0.001001001001001001	0.5155155155155156	486
477	1	0.001001001001001001	0.5165165165165165	487
478	1	0.001001001001001001	0.5175175175175175	488
479	1	0.001001001001001001	0.5185185185185185	489
480	1	0.001001001001001001	0.5195195195195195	490
481	1	0.001001001001001001	0.5205205205205206	491
482	1	0.001001001001001001	0.5215215215215215	492
483	1	0.001001001001001001	0.5225225225225225	493
484	1	0.001001001001001001	0.5235235235235235	494
485	1	0.001001001001001001	0.5245245245245245	495
487	1	0.001001001001001001	0.5255255255255256	496
488	1	0.001001001001001001	0.5265265265265265	497
489	1	0.001001001001001001	0.5275275275275275	498
490	1	0.001001001001001001	0.5285285285285285	499
491	1	0.001001001001001001	0.5295295295295295	500
492	1	0.001001001001001001	0.5305305305305306	501
493	1	0.001001001001001001	0.5315315315315315	502
494	1	0.001001001001001001	0.5325325325325325	503
495	1	0.001001001001001001	0.5335335335335335	504
496	1	0.001001001001001001	0.5345345345345345	505
497	1	0.001001001001001001	0.5355355355355356	506
498	1	0.001001001001001001	0.5365365365365365	507
499	1	0.001001001001001001	0.5375375375375375	508
500	1	0.001001001001001001	0.5385385385385385	509
501	1	0.001001001001001001	0.5395395395395395	510
502	1	0.001001001001001001	0.5405405405405406	511
503	1	0.001001001001001001	0.5415415415415415	512
504	1	0.001001001001001001	0.5425425425425425	513
505	1	0.001001001001001001	0.5435435435435435	514
506	1	0.001001001001001001	0.5445445445445445	515
507	1	0.001001001001001001	0.5455455455455456	516
508	1	0.001001001001001001	0.5465465465465466	517
509	1	0.001001001001001001	0.5475475475475475	518
510	1	0.001001001001001001	0.5485485485485485	519
511	1	0.001001001001001001	0.5495495495495496	520
512	1	0.001001001001001001	0.5505505505505506	521
513	1	0.001001001001001001	0.5515515515515516	522
514	1	0.001001001001001001	0.5525525525525525	523
515	1	0.001001001001001001	0.5535535535535535	524
516	1	0.001001001001001001	0.5545545545545546	525
517	1	0.001001001001001001	0.5555555555555556	526
518	1	0.001001001001001001	0.5565565565565566	527
519	1	0.001001001001001001	0.5575575575575575	528
520	1	0.001001001001001001	0.5585585585585585	529
521	1	0.001001001001001001	0.5595595595595596	530
522	1	0.001001001001001001	0.5605605605605606	531
523	1	0.001001001001001001	0.5615615615615616	532
524	1	0.001001001001001001	0.5625625625625625	533
525	1	0.001001001001001001	0.5635635635635635	534
526	1	0.001001001001001001	0.5645645645645646	535
527	1	0.001001001001001001	0.5655655655655656	536
528	1	0.001001001001001001	0.5665665665665666	537
529	1	0.001001001001001001	0.5675675675675675	538
530	1	0.001001001001001001	0.5685685685685685	539
531	1	0.001001001001001001	0.5695695695695696	540
532	1	0.001001001001001001	0.5705705705705706	541
533	1	0.001001001001001001	0.5715715715715716	542
534	1	0.001001001001001001	0.5725725725725725	543
535	1	0.001001001001001001	0.5735735735735735	544
536	1	0.001001001001001001	0.5745745745745746	545
537	1	0.001001001001001001	0.5755755755755756	546
538	1	0.001001001001001001	0.5765765765765766	547
539	1	0.001001001001001001	0.57757757757757755	548
540	1	0.001001001001001001	0.5785785785785785	549
541	1	0.001001001001001001	0.5795795795795796	550
542	1	0.001001001001001001	0.5805805805805806	551
543	1	0.001001001001001001	0.5815815815815816	552
544	1	0.001001001001001001	0.5825825825825826	553
545	1	0.001001001001001001	0.5835835835835835	554
546	1	0.001001001001001001	0.5845845845845846	555
548	1	0.001001001001001001	0.5855855855855856	556
549	1	0.001001001001001001	0.5865865865865866	557
550	1	0.001001001001001001	0.5875875875875876	558
551	1	0.001001001001001001	0.5885885885885885	559
552	1	0.001001001001001001	0.5895895895895896	560
553	1	0.001001001001001001	0.5905905905905906	561
554	1	0.001001001001001001	0.5915915915915916	562
555	1	0.001001001001001001	0.5925925925925926	563
556	1	0.001001001001001001	0.5935935935935935	564
557	1	0.001001001001001001	0.5945945945945946	565
558	1	0.001001001001001001	0.5955955955955956	566
559	1	0.001001001001001001	0.5965965965965966	567
560	1	0.001001001001001001	0.5975975975975976	568
561	1	0.001001001001001001	0.5985985985985985	569
562	1	0.001001001001001001	0.5995995995995996	570
563	1	0.001001001001001001	0.6006006006006006	571
564	1	0.001001001001001001	0.6016016016016016	572
565	1	0.001001001001001001	0.6026026026026026	573
566	1	0.001001001001001001	0.6036036036036035	574
567	1	0.001001001001001001	0.6046046046046046	575
568	1	0.001001001001001001	0.6056056056056056	576
569	1	0.001001001001001001	0.6066066066066066	577
570	1	0.001001001001001001	0.6076076076076076	578
571	1	0.001001001001001001	0.6086086086086087	579
572	1	0.001001001001001001	0.6096096096096096	580
573	1	0.001001001001001001	0.6106106106106106	581
574	1	0.001001001001001001	0.6116116116116116	582
575	1	0.001001001001001001	0.6126126126126126	583
576	1	0.001001001001001001	0.6136136136136137	584
577	1	0.001001001001001001	0.6146146146146146	585
578	1	0.001001001001001001	0.6156156156156156	586
579	1	0.001001001001001001	0.6166166166166166	587
580	1	0.001001001001001001	0.6176176176176176	588
581	1	0.001001001001001001	0.6186186186186187	589
582	1	0.001001001001001001	0.6196196196196196	590
583	1	0.001001001001001001	0.6206206206206206	591
584	1	0.001001001001001001	0.6216216216216216	592
585	1	0.001001001001001001	0.6226226226226226	593
586	1	0.001001001001001001	0.6236236236236237	594
587	1	0.001001001001001001	0.6246246246246246	595
588	1	0.001001001001001001	0.6256256256256256	596
589	1	0.001001001001001001	0.6266266266266266	597
590	1	0.001001001001001001	0.6276276276276276	598
591	1	0.001001001001001001	0.6286286286286287	599
592	1	0.001001001001001001	0.6296296296296297	600
593	1	0.001001001001001001	0.6306306306306306	601
594	1	0.001001001001001001	0.6316316316316316	602
595	1	0.001001001001001001	0.6326326326326326	603
596	1	0.001001001001001001	0.6336336336336337	604
597	1	0.001001001001001001	0.6346346346346347	605
598	1	0.001001001001001001	0.6356356356356356	606
599	1	0.001001001001001001	0.6366366366366366	607
600	1	0.001001001001001001	0.6376376376376376	608
601	1	0.001001001001001001	0.6386386386386387	609
602	1	0.001001001001001001	0.6396396396396397	610
603	1	0.001001001001001001	0.6406406406406406	611
604	1	0.001001001001001001	0.6416416416416416	612
605	1	0.001001001001001001	0.6426426426426426	613
606	1	0.001001001001001001	0.6436436436436437	614
607	1	0.001001001001001001	0.6446446446446447	615
608	1	0.001001001001001001	0.6456456456456456	616
609	1	0.001001001001001001	0.6466466466466466	617
610	1	0.001001001001001001	0.6476476476476476	618
611	1	0.001001001001001001	0.6486486486486487	619
612	1	0.001001001001001001	0.6496496496496497	620
613	1	0.001001001001001001	0.6506506506506506	621
614	1	0.001001001001001001	0.6516516516516516	622
615	1	0.001001001001001001	0.6526526526526526	623
616	1	0.001001001001001001	0.6536536536536537	624
617	1	0.001001001001001001	0.6546546546546547	625
618	1	0.001001001001001001	0.6556556556556556	626
619	1	0.001001001001001001	0.6566566566566566	627
620	1	0.001001001001001001	0.6576576576576576	628
621	1	0.001001001001001001	0.6586586586586587	629
622	1	0.001001001001001001	0.6596596596596597	630
623	1	0.001001001001001001	0.6606606606606606	631
624	1	0.001001001001001001	0.6616616616616616	632
625	1	0.001001001001001001	0.6626626626626626	633
626	1	0.001001001001001001	0.6636636636636637	634
627	1	0.001001001001001001	0.6646646646646647	635
628	1	0.001001001001001001	0.6656656656656657	636
629	1	0.001001001001001001	0.6666666666666666	637
630	1	0.001001001001001001	0.6676676676676676	638
631	1	0.001001001001001001	0.6686686686686687	639
632	1	0.001001001001001001	0.6696696696696697	640
633	1	0.001001001001001001	0.6706706706706707	641
634	1	0.001001001001001001	0.6716716716716716	642
635	1	0.001001001001001001	0.6726726726726726	643
636	1	0.001001001001001001	0.6736736736736737	644
637	1	0.001001001001001001	0.6746746746746747	645
638	1	0.001001001001001001	0.6756756756756757	646
639	1	0.001001001001001001	0.6766766766766766	647
640	1	0.001001001001001001	0.6776776776776777	648
641	1	0.001001001001001001	0.6786786786786787	649
642	1	0.001001001001001001	0.6796796796796797	650
643	1	0.001001001001001001	0.6806806806806807	651
644	1	0.001001001001001001	0.6816816816816816	652
646	1	0.001001001001001001	0.6826826826826827	653
647	1	0.001001001001001001	0.6836836836836837	654
648	1	0.001001001001001001	0.6846846846846847	655
649	1	0.001001001001001001	0.6856856856856857	656
650	1	0.001001001001001001	0.6866866866866866	657
651	1	0.001001001001001001	0.6876876876876877	658
652	1	0.001001001001001001	0.6886886886886887	659
653	1	0.001001001001001001	0.6896896896896897	660
654	1	0.001001001001001001	0.6906906906906907	661
655	1	0.001001001001001001	0.6916916916916916	662
656	1	0.001001001001001001	0.6926926926926927	663
658	1	0.001001001001001001	0.6936936936936937	664
659	1	0.001001001001001001	0.6946946946946947	665
660	1	0.001001001001001001	0.6956956956956957	666
661	1	0.001001001001001001	0.6966966966966966	667
662	1	0.001001001001001001	0.6976976976976977	668
663	1	0.001001001001001001	0.6986986986986987	669
664	1	0.001001001001001001	0.6996996996996997	670
665	1	0.001001001001001001	0.7007007007007007	671
666	1	0.001001001001001001	0.7017017017017017	672
667	1	0.001001001001001001	0.7027027027027027	673
668	1	0.001001001001001001	0.7037037037037037	674
669	1	0.001001001001001001	0.7047047047047047	675
670	1	0.001001001001001001	0.7057057057057057	676
671	1	0.001001001001001001	0.7067067067067067	677
672	1	0.001001001001001001	0.7077077077077077	678
673	1	0.001001001001001001	0.7087087087087087	679
674	1	0.001001001001001001	0.7097097097097097	680
675	1	0.001001001001001001	0.7107107107107107	681
676	1	0.001001001001001001	0.7117117117117117	682
677	1	0.001001001001001001	0.7127127127127127	683
678	1	0.001001001001001001	0.7137137137137137	684
679	1	0.001001001001001001	0.7147147147147147	685
680	1	0.001001001001001001	0.7157157157157157	686
681	1	0.001001001001001001	0.7167167167167167	687
682	1	0.001001001001001001	0.7177177177177178	688
683	1	0.001001001001001001	0.7187187187187187	689
684	1	0.001001001001001001	0.7197197197197197	690
685	1	0.001001001001001001	0.7207207207207207	691
686	1	0.001001001001001001	0.7217217217217217	692
687	1	0.001001001001001001	0.7227227227227228	693
688	1	0.001001001001001001	0.7237237237237237	694
689	1	0.001001001001001001	0.7247247247247247	695
690	1	0.001001001001001001	0.7257257257257257	696
691	1	0.001001001001001001	0.7267267267267267	697
692	1	0.001001001001001001	0.7277277277277278	698
693	1	0.001001001001001001	0.7287287287287287	699
694	1	0.001001001001001001	0.7297297297297297	700
695	1	0.001001001001001001	0.7307307307307307	701
696	1	0.001001001001001001	0.7317317317317317	702
697	1	0.001001001001001001	0.7327327327327328	703
698	1	0.001001001001001001	0.7337337337337337	704
699	1	0.001001001001001001	0.7347347347347347	705
700	1	0.001001001001001001	0.7357357357357357	706
701	1	0.001001001001001001	0.7367367367367368	707
702	1	0.001001001001001001	0.7377377377377378	708
703	1	0.001001001001001001	0.7387387387387387	709
704	1	0.001001001001001001	0.7397397397397397	710
705	1	0.001001001001001001	0.7407407407407407	711
706	1	0.001001001001001001	0.7417417417417418	712
707	1	0.001001001001001001	0.7427427427427428	713
708	1	0.001001001001001001	0.7437437437437437	714
709	1	0.001001001001001001	0.7447447447447447	715
710	1	0.001001001001001001	0.7457457457457457	716
711	1	0.001001001001001001	0.7467467467467468	717
712	1	0.001001001001001001	0.7477477477477478	718
713	1	0.001001001001001001	0.7487487487487487	719
714	1	0.001001001001001001	0.7497497497497497	720
715	1	0.001001001001001001	0.7507507507507507	721
716	1	0.001001001001001001	0.7517517517517518	722
717	1	0.001001001001001001	0.7527527527527528	723
718	1	0.001001001001001001	0.7537537537537538	724
719	1	0.001001001001001001	0.7547547547547547	725
720	1	0.001001001001001001	0.7557557557557557	726
721	1	0.001001001001001001	0.7567567567567568	727
722	1	0.001001001001001001	0.7577577577577578	728
723	1	0.001001001001001001	0.7587587587587588	729
724	1	0.001001001001001001	0.7597597597597597	730
725	1	0.001001001001001001	0.7607607607607607	731
726	1	0.001001001001001001	0.7617617617617618	732
727	1	0.001001001001001001	0.7627627627627628	733
728	1	0.001001001001001001	0.7637637637637638	734
729	1	0.001001001001001001	0.7647647647647647	735
730	1	0.001001001001001001	0.7657657657657657	736
731	1	0.001001001001001001	0.7667667667667668	737
732	1	0.001001001001001001	0.7677677677677678	738
733	1	0.001001001001001001	0.7687687687687688	739
734	1	0.001001001001001001	0.7697697697697697	740
735	1	0.001001001001001001	0.7707707707707707	741
736	1	0.001001001001001001	0.7717717717717718	742
737	1	0.001001001001001001	0.7727727727727728	743
738	1	0.001001001001001001	0.7737737737737738	744
739	1	0.001001001001001001	0.7747747747747747	745
740	1	0.001001001001001001	0.7757757757757757	746
741	1	0.001001001001001001	0.7767767767767768	747
742	1	0.001001001001001001	0.7777777777777778	748
743	1	0.001001001001001001	0.7787787787787788	749
744	1	0.001001001001001001	0.7797797797797797	750
745	1	0.001001001001001001	0.7807807807807807	751
746	1	0.001001001001001001	0.7817817817817818	752
747	1	0.001001001001001001	0.7827827827827828	753
748	1	0.001001001001001001	0.7837837837837838	754
749	1	0.001001001001001001	0.7847847847847848	755
750	1	0.001001001001001001	0.7857857857857857	756
751	1	0.001001001001001001	0.7867867867867868	757
752	1	0.001001001001001001	0.7877877877877878	758
753	1	0.001001001001001001	0.7887887887887888	759
754	1	0.001001001001001001	0.7897897897897898	760
755	1	0.001001001001001001	0.7907907907907907	761
756	1	0.001001001001001001	0.7917917917917918	762
757	1	0.001001001001001001	0.7927927927927928	763
758	1	0.001001001001001001	0.7937937937937938	764
759	1	0.001001001001001001	0.7947947947947948	765
760	1	0.001001001001001001	0.7957957957957957	766
761	1	0.001001001001001001	0.7967967967967968	767
762	1	0.001001001001001001	0.7977977977977978	768
763	1	0.001001001001001001	0.7987987987987988	769
764	1	0.001001001001001001	0.7997997997997998	770
766	1	0.001001001001001001	0.8008008008008007	771
767	1	0.001001001001001001	0.8018018018018018	772
768	1	0.001001001001001001	0.8028028028028028	773
769	1	0.001001001001001001	0.8038038038038038	774
770	1	0.001001001001001001	0.8048048048048048	775
771	1	0.001001001001001001	0.8058058058058059	776
772	1	0.001001001001001001	0.8068068068068068	777
774	1	0.001001001001001001	0.8078078078078078	778
775	1	0.001001001001001001	0.8088088088088088	779
776	1	0.001001001001001001	0.8098098098098098	780
777	1	0.001001001001001001	0.8108108108108109	781
778	1	0.001001001001001001	0.8118118118118118	782
779	1	0.001001001001001001	0.8128128128128128	783
780	1	0.001001001001001001	0.8138138138138138	784
781	1	0.001001001001001001	0.8148148148148148	785
782	1	0.001001001001001001	0.8158158158158159	786
783	1	0.001001001001001001	0.8168168168168168	787
784	1	0.001001001001001001	0.8178178178178178	788
785	1	0.001001001001001001	0.8188188188188188	789
786	1	0.001001001001001001	0.8198198198198198	790
787	1	0.001001001001001001	0.8208208208208209	791
788	1	0.001001001001001001	0.8218218218218218	792
789	1	0.001001001001001001	0.8228228228228228	793
790	1	0.001001001001001001	0.8238238238238238	794
791	1	0.001001001001001001	0.8248248248248248	795
792	1	0.001001001001001001	0.8258258258258259	796
793	1	0.001001001001001001	0.8268268268268268	797
794	1	0.001001001001001001	0.8278278278278278	798
796	1	0.001001001001001001	0.8288288288288288	799
797	1	0.001001001001001001	0.8298298298298298	800
798	1	0.001001001001001001	0.8308308308308309	801
799	1	0.001001001001001001	0.8318318318318318	802
800	1	0.001001001001001001	0.8328328328328328	803
801	1	0.001001001001001001	0.8338338338338338	804
802	1	0.001001001001001001	0.8348348348348348	805
803	1	0.001001001001001001	0.8358358358358359	806
804	1	0.001001001001001001	0.8368368368368369	807
805	1	0.001001001001001001	0.8378378378378378	808
806	1	0.001001001001001001	0.8388388388388388	809
807	1	0.001001001001001001	0.8398398398398398	810
808	1	0.001001001001001001	0.8408408408408409	811
809	1	0.001001001001001001	0.8418418418418419	812
810	1	0.001001001001001001	0.8428428428428428	813
811	1	0.001001001001001001	0.8438438438438438	814
812	1	0.001001001001001001	0.8448448448448448	815
813	1	0.001001001001001001	0.8458458458458459	816
814	1	0.001001001001001001	0.8468468468468469	817
815	1	0.001001001001001001	0.8478478478478478	818
816	1	0.001001001001001001	0.8488488488488488	819
817	1	0.001001001001001001	0.8498498498498498	820
818	1	0.001001001001001001	0.8508508508508509	821
819	1	0.001001001001001001	0.8518518518518519	822
820	1	0.001001001001001001	0.8528528528528528	823
821	1	0.001001001001001001	0.8538538538538538	824
823	1	0.001001001001001001	0.8548548548548548	825
824	1	0.001001001001001001	0.8558558558558559	826
825	1	0.001001001001001001	0.8568568568568569	827
826	1	0.001001001001001001	0.8578578578578578	828
827	1	0.001001001001001001	0.8588588588588588	829
828	1	0.001001001001001001	0.8598598598598598	830
829	1	0.001001001001001001	0.8608608608608609	831
830	1	0.001001001001001001	0.8618618618618619	832
831	1	0.001001001001001001	0.8628628628628628	833
832	1	0.001001001001001001	0.8638638638638638	834
833	1	0.001001001001001001	0.8648648648648649	835
834	1	0.001001001001001001	0.8658658658658659	836
835	1	0.001001001001001001	0.8668668668668669	837
836	1	0.001001001001001001	0.8678678678678678	838
837	1	0.001001001001001001	0.8688688688688688	839
838	1	0.001001001001001001	0.8698698698698699	840
839	1	0.001001001001001001	0.8708708708708709	841
840	1	0.001001001001001001	0.8718718718718719	842
841	1	0.001001001001001001	0.8728728728728729	843
842	1	0.001001001001001001	0.8738738738738738	844
843	1	0.001001001001001001	0.8748748748748749	845
844	1	0.001001001001001001	0.8758758758758759	846
845	1	0.001001001001001001	0.8768768768768769	847
846	1	0.001001001001001001	0.8778778778778779	848
847	1	0.001001001001001001	0.8788788788788788	849
848	1	0.001001001001001001	0.8798798798798799	850
849	1	0.001001001001001001	0.8808808808808809	851
850	1	0.001001001001001001	0.8818818818818819	852
851	1	0.001001001001001001	0.8828828828828829	853
852	1	0.001001001001001001	0.8838838838838838	854
854	1	0.001001001001001001	0.8848848848848849	855
855	1	0.001001001001001001	0.8858858858858859	856
856	1	0.001001001001001001	0.8868868868868869	857
857	1	0.001001001001001001	0.8878878878878879	858
858	1	0.001001001001001001	0.8888888888888888	859
859	1	0.001001001001001001	0.8898898898898899	860
860	1	0.001001001001001001	0.8908908908908909	861
861	1	0.001001001001001001	0.8918918918918919	862
862	1	0.001001001001001001	0.8928928928928929	863
863	1	0.001001001001001001	0.8938938938938938	864
864	1	0.001001001001001001	0.8948948948948949	865
865	1	0.001001001001001001	0.8958958958958959	866
866	1	0.001001001001001001	0.8968968968968969	867
867	1	0.001001001001001001	0.8978978978978979	868
868	1	0.001001001001001001	0.8988988988988988	869
869	1	0.001001001001001001	0.8998998998998999	870
870	1	0.001001001001001001	0.9009009009009009	871
871	1	0.001001001001001001	0.9019019019019019	872
872	1	0.001001001001001001	0.9029029029029029	873
873	1	0.001001001001001001	0.9039039039039038	874
874	1	0.001001001001001001	0.9049049049049049	875
875	1	0.001001001001001001	0.9059059059059059	876
876	1	0.001001001001001001	0.9069069069069069	877
877	1	0.001001001001001001	0.9079079079079079	878
878	1	0.001001001001001001	0.9089089089089089	879
879	1	0.001001001001001001	0.9099099099099099	880
880	1	0.001001001001001001	0.9109109109109109	881
881	1	0.001001001001001001	0.9119119119119119	882
882	1	0.001001001001001001	0.9129129129129129	883
883	1	0.001001001001001001	0.9139139139139139	884
884	1	0.001001001001001001	0.914914914914915	885
885	1	0.001001001001001001	0.9159159159159159	886
886	1	0.001001001001001001	0.9169169169169169	887
887	1	0.001001001001001001	0.9179179179179179	888
888	1	0.001001001001001001	0.9189189189189189	889
889	1	0.001001001001001001	0.91991991991992	890
890	1	0.001001001001001001	0.9209209209209209	891
891	1	0.001001001001001001	0.9219219219219219	892
892	1	0.001001001001001001	0.9229229229229229	893
893	1	0.001001001001001001	0.9239239239239239	894
894	1	0.001001001001001001	0.924924924924925	895
895	1	0.001001001001001001	0.9259259259259259	896
896	1	0.001001001001001001	0.9269269269269269	897
897	1	0.001001001001001001	0.9279279279279279	898
898	1	0.001001001001001001	0.9289289289289289	899
899	1	0.001001001001001001	0.92992992992993	900
900	1	0.001001001001001001	0.9309309309309309	901
901	1	0.001001001001001001	0.9319319319319319	902
902	1	0.001001001001001001	0.9329329329329329	903
903	1	0.001001001001001001	0.933933933933934	904
904	1	0.001001001001001001	0.934934934934935	905
905	1	0.001001001001001001	0.9359359359359359	906
906	1	0.001001001001001001	0.9369369369369369	907
907	1	0.001001001001001001	0.9379379379379379	908
908	1	0.001001001001001001	0.938938938938939	909
909	1	0.001001001001001001	0.93993993993994	910
910	1	0.001001001001001001	0.9409409409409409	911
911	1	0.001001001001001001	0.9419419419419419	912
912	1	0.001001001001001001	0.9429429429429429	913
913	1	0.001001001001001001	0.943943943943944	914
914	1	0.001001001001001001	0.944944944944945	915
915	1	0.001001001001001001	0.9459459459459459	916
916	1	0.001001001001001001	0.9469469469469469	917
917	1	0.001001001001001001	0.9479479479479479	918
918	1	0.001001001001001001	0.948948948948949	919
919	1	0.001001001001001001	0.94994994994995	920
920	1	0.001001001001001001	0.950950950950951	921
921	1	0.001001001001001001	0.9519519519519519	922
922	1	0.001001001001001001	0.9529529529529529	923
923	1	0.001001001001001001	0.953953953953954	924
924	1	0.001001001001001001	0.954954954954955	925
925	1	0.001001001001001001	0.955955955955956	926
926	1	0.001001001001001001	0.9569569569569569	927
927	1	0.001001001001001001	0.9579579579579579	928
928	1	0.001001001001001001	0.958958958958959	929
929	1	0.001001001001001001	0.95995995995996	930
930	1	0.001001001001001001	0.960960960960961	931
931	1	0.001001001001001001	0.9619619619619619	932
932	1	0.001001001001001001	0.9629629629629629	933
933	1	0.001001001001001001	0.963963963963964	934
934	1	0.001001001001001001	0.964964964964965	935
935	1	0.001001001001001001	0.965965965965966	936
936	1	0.001001001001001001	0.9669669669669669	937
937	1	0.001001001001001001	0.9679679679679679	938
938	1	0.001001001001001001	0.968968968968969	939
939	1	0.001001001001001001	0.96996996996997	940
940	1	0.001001001001001001	0.970970970970971	941
941	1	0.001001001001001001	0.9719719719719719	942
942	1	0.001001001001001001	0.9729729729729729	943
943	1	0.001001001001001001	0.973973973973974	944
944	1	0.001001001001001001	0.974974974974975	945
945	1	0.001001001001001001	0.975975975975976	946
946	1	0.001001001001001001	0.9769769769769769	947
947	1	0.001001001001001001	0.9779779779779779	948
948	1	0.001001001001001001	0.978978978978979	949
949	1	0.001001001001001001	0.97997997997998	950
950	1	0.001001001001001001	0.980980980980981	951
951	1	0.001001001001001001	0.9819819819819819	952
952	1	0.001001001001001001	0.9829829829829829	953
953	1	0.001001001001001001	0.983983983983984	954
954	1	0.001001001001001001	0.984984984984985	955
955	1	0.001001001001001001	0.985985985985986	956
956	1	0.001001001001001001	0.986986986986987	957
957	1	0.001001001001001001	0.9879879879879879	958
958	1	0.001001001001001001	0.988988988988989	959
959	1	0.001001001001001001	0.98998998998999	960
960	1	0.001001001001001001	0.990990990990991	961
961	1	0.001001001001001001	0.991991991991992	962
962	1	0.001001001001001001	0.992992992992993	963
963	1	0.001001001001001001	0.993993993993994	964
964	1	0.001001001001001001	0.994994994994995	965
965	1	0.001001001001001001	0.995995995995996	966
966	1	0.001001001001001001	0.996996996996997	967
967	1	0.001001001001001001	0.997997997997998	968
968	1	0.001001001001001001	0.998998998998999	969
970	1	0.001001001001001001	1	970
